sent_at,run_name,target,launched_from,config,git_commit,git_dirty,maxtime_yr,output_every_yr,dt_yr,dt_basis,integrator,amin_AU,amax_AU,emin,emax,imin_deg,imax_deg,n_massive,n_test,disk_mass_earth,mass_model,mass_slope,mp_mass_min_earth,mp_mass_max_earth,mass_source,giant_planet,exit_max_distance_AU,status,finished_at,runtime_hr,final_particle_count,run_uuid,notes
2026-06-15T11:22:56-04:00,HD216435,unknown (legacy),,debris-disk-pipeline-legacy:config/config.yaml,legacy 3f121f5,,50,8.33333,0.361869,0.1 x giant planet orbital period,whfast,40,130,0,0.1,0,5,2,5,8.01092e-06,uniform,,4.00546e-06,4.00546e-06,dwarf_planets.mass_fraction_of_giant_planet = 1e-08,"1.26 M_J, a = 2.56 AU, e = 0.07, i = 0.01 deg",1000,unconfirmed,,,,,legacy pipeline config (origin/main); NOT confirmed it was ever run -- sent_at is when the config was last committed
2026-06-15T12:22:00-04:00,escape_test,unknown (legacy),,debris-disk-pipeline-legacy:config/escape_test.yaml,legacy b01351c,,50,8.33333,0.361869,0.1 x giant planet orbital period,whfast,80,300,0,0.1,0,5,2,5,8.01092e-06,uniform,,4.00546e-06,4.00546e-06,dwarf_planets.mass_fraction_of_giant_planet = 1e-08,"1.26 M_J, a = 2.56 AU, e = 0.07, i = 0.01 deg",100,unconfirmed,,,,,legacy pipeline config (origin/main); NOT confirmed it was ever run -- sent_at is when the config was last committed
2026-06-15T12:45:24-04:00,delayed_escape_test,unknown (legacy),,debris-disk-pipeline-legacy:config/delayed_escape_test.yaml,legacy fc88947,,300,23.0769,0.361869,0.1 x giant planet orbital period,whfast,75,75,0.65,0.65,0,0,0,1,0,none (no massive bodies),,,,dwarf_planets.mass_fraction_of_giant_planet = 1e-08,"1.26 M_J, a = 2.56 AU, e = 0.07, i = 0.01 deg",120,unconfirmed,,,,,legacy pipeline config (origin/main); NOT confirmed it was ever run -- sent_at is when the config was last committed
2026-06-15T16:56:58-04:00,HD216435_1Me_500DP_5Myr,unknown (legacy),,debris-disk-pipeline-legacy:config/HD216435_1Me_500DP_5Myr.yaml,legacy 01de109,,5e+06,100000,0.361869,0.1 x giant planet orbital period,whfast,40,130,0,0.1,0,5,500,1000,1,uniform,,0.002,0.002,dwarf_planets.total_mass_earth = 1.0,"1.26 M_J, a = 2.56 AU, e = 0.07, i = 0.01 deg",1000,unconfirmed,,,,,legacy pipeline config (origin/main); NOT confirmed it was ever run -- sent_at is when the config was last committed
2026-06-15T16:56:58-04:00,HD216435_1Me_500DP_test,unknown (legacy),,debris-disk-pipeline-legacy:config/HD216435_1Me_500DP_test.yaml,legacy 01de109,,10000,500,0.361869,0.1 x giant planet orbital period,whfast,40,130,0,0.1,0,5,500,1000,1,uniform,,0.002,0.002,dwarf_planets.total_mass_earth = 1.0,"1.26 M_J, a = 2.56 AU, e = 0.07, i = 0.01 deg",1000,unconfirmed,,,,,legacy pipeline config (origin/main); NOT confirmed it was ever run -- sent_at is when the config was last committed
2026-06-26T15:17:06-04:00,Ideal_sim_Long,unknown (legacy),,debris-disk-pipeline-legacy:config/Ideal_sim_10Me_500DP_1000TP.yaml,legacy d32a142,,1e+07,200000,0.409354,0.1 x giant planet orbital period,whfast,30,50,0,0.1,0,5,500,1000,1,uniform,,0.002,0.002,dwarf_planets.total_mass_earth = 1.0,"1.26 M_J, a = 2.56 AU, e = 0.07, i = 0.01 deg",1000,unconfirmed,,,,,legacy pipeline config (origin/main); NOT confirmed it was ever run -- sent_at is when the config was last committed
2026-06-26T15:17:06-04:00,Ideal_sim_,unknown (legacy),,debris-disk-pipeline-legacy:config/Ideal_sim_1Me_50DP_100TP.yaml,legacy d32a142,,1e+06,50000,0.409354,0.1 x giant planet orbital period,whfast,30,50,0,0.1,0,5,50,100,1,uniform,,0.02,0.02,dwarf_planets.total_mass_earth = 1.0,"1.26 M_J, a = 2.56 AU, e = 0.07, i = 0.01 deg",1000,unconfirmed,,,,,legacy pipeline config (origin/main); NOT confirmed it was ever run -- sent_at is when the config was last committed
2026-08-31T10:57:07-04:00,Idealsim_1Me_500DP_1000TP_10Myr,unknown (legacy),,debris-disk-pipeline-legacy:config/Idealsim_1Me_500DP_1000TP_10Myr.yaml,legacy 98c873b,,1e+07,200000,0.361869,0.1 x giant planet orbital period,whfast,30,50,0,0.1,0,5,500,1000,1,uniform,,0.002,0.002,dwarf_planets.total_mass_earth = 1.0,"1.26 M_J, a = 2.56 AU, e = 0.07, i = 0.01 deg",1000,unconfirmed,,,,,legacy pipeline config (origin/main); NOT confirmed it was ever run -- sent_at is when the config was last committed
2026-08-31T10:57:07-04:00,Kirvov_Calibration_sim_Mercurius_100Myr,unknown (legacy),,debris-disk-pipeline-legacy:config/Kirvov_Calibration_sim_Mercurius_100Myr.yaml,legacy 98c873b,,1e+08,1e+06,100,0.1 x giant planet orbital period,IAS15,95,105,0,3.2e-05,0,3.2e-05,100,0,5.8e-06,uniform,,5.8e-08,5.8e-08,dwarf_planets.total_mass_earth = 5.8e-06,"0.00011 M_J, a = 100 AU, e = 3.2e-05, i = 3.2e-05 deg",1000,unconfirmed,,,,,legacy pipeline config (origin/main); NOT confirmed it was ever run -- sent_at is when the config was last committed; IAS15 is adaptive: dt_yr is only the initial timestep
2026-08-31T10:57:07-04:00,Kirvov_sim_10thou,unknown (legacy),,debris-disk-pipeline-legacy:config/Kirvov_sim.yaml,legacy 98c873b,,10000,200,0.1,0.1 x giant planet orbital period,whfast,0.945,1.055,0,3.2e-05,0,3.2e-05,800,0,0.28,uniform,,0.00035,0.00035,dwarf_planets.total_mass_earth = 0.28,"0.00011 M_J, a = 1 AU, e = 3.2e-05, i = 3.2e-05 deg",1000,unconfirmed,,,,,legacy pipeline config (origin/main); NOT confirmed it was ever run -- sent_at is when the config was last committed
2026-08-31T10:57:07-04:00,Kirvov_sim_100Myr,unknown (legacy),,debris-disk-pipeline-legacy:config/Kirvov_sim_100Myr.yaml,legacy 98c873b,,1e+08,1e+06,0.1,0.1 x giant planet orbital period,IAS15,0.945,1.055,0,3.2e-05,0,3.2e-05,800,0,0.28,uniform,,0.00035,0.00035,dwarf_planets.total_mass_earth = 0.28,"0.00011 M_J, a = 1 AU, e = 3.2e-05, i = 3.2e-05 deg",1000,unconfirmed,,,,,legacy pipeline config (origin/main); NOT confirmed it was ever run -- sent_at is when the config was last committed; IAS15 is adaptive: dt_yr is only the initial timestep
2026-08-31T10:57:07-04:00,Kirvov_sim_1AS15_100yr,unknown (legacy),,debris-disk-pipeline-legacy:config/Kirvov_sim_IAS15_100yr.yaml,legacy 98c873b,,100,1,0.1,0.1 x giant planet orbital period,IAS15,0.945,1.055,0,3.2e-05,0,3.2e-05,800,0,0.28,uniform,,0.00035,0.00035,dwarf_planets.total_mass_earth = 0.28,"0.00011 M_J, a = 1 AU, e = 3.2e-05, i = 3.2e-05 deg",1000,unconfirmed,,,,,legacy pipeline config (origin/main); NOT confirmed it was ever run -- sent_at is when the config was last committed; IAS15 is adaptive: dt_yr is only the initial timestep
2026-08-31T10:57:07-04:00,Kirvov_sim_1AS15_100yr,unknown (legacy),,debris-disk-pipeline-legacy:config/Kirvov_sim_IAS15_10thou.yaml,legacy 98c873b,,100,1,0.1,0.1 x giant planet orbital period,IAS15,0.945,1.055,0,3.2e-05,0,3.2e-05,800,0,0.28,uniform,,0.00035,0.00035,dwarf_planets.total_mass_earth = 0.28,"0.00011 M_J, a = 1 AU, e = 3.2e-05, i = 3.2e-05 deg",1000,unconfirmed,,,,,legacy pipeline config (origin/main); NOT confirmed it was ever run -- sent_at is when the config was last committed; IAS15 is adaptive: dt_yr is only the initial timestep
2026-08-31T10:57:07-04:00,Kirvov_sim_1AS15_10thou_Normal_Timestep,unknown (legacy),,debris-disk-pipeline-legacy:config/Kirvov_sim_IAS15_10thou_Normal_Timestep.yaml,legacy 98c873b,,10000,100,0.1,0.1 x giant planet orbital period,IAS15,0.945,1.055,0,3.2e-05,0,3.2e-05,800,0,0.28,uniform,,0.00035,0.00035,dwarf_planets.total_mass_earth = 0.28,"0.00011 M_J, a = 1 AU, e = 3.2e-05, i = 3.2e-05 deg",1000,unconfirmed,,,,,legacy pipeline config (origin/main); NOT confirmed it was ever run -- sent_at is when the config was last committed; IAS15 is adaptive: dt_yr is only the initial timestep
2026-08-31T10:57:07-04:00,Kirvov_sim_1AS15_2000yr,unknown (legacy),,debris-disk-pipeline-legacy:config/Kirvov_sim_IAS15_2000yr.yaml,legacy 98c873b,,2000,20,0.1,0.1 x giant planet orbital period,IAS15,0.945,1.055,0,3.2e-05,0,3.2e-05,800,0,0.28,uniform,,0.00035,0.00035,dwarf_planets.total_mass_earth = 0.28,"0.00011 M_J, a = 1 AU, e = 3.2e-05, i = 3.2e-05 deg",1000,unconfirmed,,,,,legacy pipeline config (origin/main); NOT confirmed it was ever run -- sent_at is when the config was last committed; IAS15 is adaptive: dt_yr is only the initial timestep
2026-08-31T10:57:07-04:00,Kirvov_sim_1AS15_35thouyr,unknown (legacy),,debris-disk-pipeline-legacy:config/Kirvov_sim_IAS15_35thouyr.yaml,legacy 98c873b,,35000,350,0.1,0.1 x giant planet orbital period,IAS15,0.945,1.055,0,3.2e-05,0,3.2e-05,800,0,0.28,uniform,,0.00035,0.00035,dwarf_planets.total_mass_earth = 0.28,"0.00011 M_J, a = 1 AU, e = 3.2e-05, i = 3.2e-05 deg",1000,unconfirmed,,,,,legacy pipeline config (origin/main); NOT confirmed it was ever run -- sent_at is when the config was last committed; IAS15 is adaptive: dt_yr is only the initial timestep
2026-08-31T12:27:06-04:00,SS_100MP_100Myr_10xStir,elaine-H410H6-M2,elaine-H410H6-M2,config/SS_100MP_100Myr_10xStir.yaml,f7c5a9b,no,1e+08,10000,92.5963,0.1 x circular period at a=95 (disk inner edge),mercurius,95,105,0,3.2e-05,0,3.2e-05,100,0,2.8,uniform,,0.028,0.028,total_disk_mass_earth = 2.8,none,1000,completed,2026-09-01T05:29:26-04:00,17.04,101,56d46f1b-39e8-447e-b048-2fad3cee3a8c,backfilled from run_metadata.yaml
2026-08-31T12:27:06-04:00,SS_100MP_100Myr_30xStir,elaine-H410H6-M2,elaine-H410H6-M2,config/SS_100MP_100Myr_30xStir.yaml,f7c5a9b,no,1e+08,10000,92.5963,0.1 x circular period at a=95 (disk inner edge),mercurius,95,105,0,3.2e-05,0,3.2e-05,100,0,8.4,uniform,,0.084,0.084,total_disk_mass_earth = 8.4,none,1000,completed,2026-08-31T21:37:04-04:00,9.166,101,52e314a6-abd9-4d3f-be1e-9bde28a12ebd,backfilled from run_metadata.yaml
2026-08-31T12:27:06-04:00,SS_100MP_100Myr_50xStir,elaine-H410H6-M2,elaine-H410H6-M2,config/SS_100MP_100Myr_50xStir.yaml,f7c5a9b,no,1e+08,10000,92.5963,0.1 x circular period at a=95 (disk inner edge),mercurius,95,105,0,3.2e-05,0,3.2e-05,100,0,14,uniform,,0.14,0.14,total_disk_mass_earth = 14.0,none,1000,completed,2026-08-31T21:53:37-04:00,9.442,101,2f07be36-4261-4938-b40e-5fee52e3f92b,backfilled from run_metadata.yaml
2026-08-31T12:27:06-04:00,SS_100MP_100Myr_6e-5Mearth,elaine-H410H6-M2,elaine-H410H6-M2,config/SS_100MP_100Myr_6e-5Mearth.yaml,f7c5a9b,no,1e+08,10000,92.5963,0.1 x circular period at a=95 (disk inner edge),mercurius,95,105,0,3.2e-05,0,3.2e-05,100,0,6e-05,uniform,,6e-07,6e-07,total_disk_mass_earth = 6e-05,none,1000,completed,2026-08-31T19:41:33-04:00,7.241,101,c4cb1f1a-731d-446a-a915-132c8a67bb35,backfilled from run_metadata.yaml
2026-09-01T14:44:43-04:00,Test2,Elaines-MacBook-Pro.local,Elaines-MacBook-Pro.local,config/Test.yaml,914ec21,yes,200,5,0.361875,0.1 x giant planet orbital period,mercurius,30,50,0,3.5e-06,0,3.5e-06,4,10,0.801092,uniform,,0.200273,0.200273,mass_fraction_of_giant_planet = 0.0005,"1.26 M_J, a = 2.56 AU, e = 0.07, i = 0.01 deg",100,completed,2026-09-01T14:44:44-04:00,2.778e-05,16,9bca557e-3e69-48c3-a0ed-2f339a0523eb,backfilled from run_metadata.yaml
2026-09-01T15:22:55-04:00,Sim_100MP_100thouyr_dohnanyi,Elaines-MacBook-Pro.local,Elaines-MacBook-Pro.local,config/Sim_100MP_100thouyr_dohnanyi.yaml,52ee44d,yes,100000,100,92.5963,0.1 x circular period at a=95 (disk inner edge),mercurius,95,105,0,3.2e-05,0,3.2e-05,100,0,0.28,power law in mass (total_mass),1.8333,0.000480858,0.040203,"[1e-06, 0.01] earth_mass",none,1000,completed,2026-09-01T15:23:36-04:00,0.01078,101,b559ac00-5b29-468c-9928-f0d0370d9f42,backfilled from run_metadata.yaml
2026-09-01T15:54:20-04:00,Sim_1000MP_100thouyr_dohnanyi,Elaines-MacBook-Pro.local,Elaines-MacBook-Pro.local,config/Sim_1000MP_100thouyr_dohnanyi.yaml,11237f1,yes,100000,100,92.5963,0.1 x circular period at a=95 (disk inner edge),mercurius,95,105,0,3.2e-05,0,3.2e-05,1000,0,0.28,power law in mass (total_mass),1.8333,1.66554e-05,0.0458275,"[1e-06, 0.01] earth_mass",none,1000,completed,2026-09-02T22:55:20-04:00,31.02,1001,a051955b-cea7-4987-ab5e-601a7aaab68e,backfilled from run_metadata.yaml
2026-09-04T16:37:27-04:00,Consensed_sim_1Myr_1au_1earthmass,elaine-H410H6-M2,elaine-H410H6-M2,/home/elaine/debris-disk-pipeline/config/Condensed_sim_1Myr_1au_1earthmass.yaml,7b03a88,yes,1e+06,1000,0.0925963,0.1 x circular period at a=0.95 (disk inner edge),mercurius,0.95,1.05,0,3.2e-05,0,3.2e-05,100,0,0.28,uniform,,0.0028,0.0028,total_disk_mass_earth = 0.28,none,1000,completed,2026-09-06T18:40:34-03:00,49.05,101,712bc651-064e-4397-84d4-b1c473a1586a,backfilled from run_metadata.yaml
2026-09-04T16:49:19-04:00,Condensed_sim_test_quick,elaine-H410H6-M2,elaine-H410H6-M2,/home/elaine/debris-disk-pipeline/config/Condensed_sim_test_quick.yaml,7b03a88,yes,100,1,0.0925963,0.1 x circular period at a=0.95 (disk inner edge),mercurius,0.95,1.05,0,3.2e-05,0,3.2e-05,100,0,0.28,uniform,,0.0028,0.0028,total_disk_mass_earth = 0.28,none,1000,completed,2026-09-04T16:49:41-04:00,0.006167,101,04b0c8e7-b992-40a2-a99d-ebff003daedc,backfilled from run_metadata.yaml
2026-09-04T16:49:51-04:00,Condensed_sim_1Myr_1au_1earthmass_fine1yr,elaine-H410H6-M2,elaine-H410H6-M2,/home/elaine/debris-disk-pipeline/config/Condensed_sim_1Myr_1au_1earthmass_fine1yr.yaml,7b03a88,yes,1e+06,1,0.0925963,0.1 x circular period at a=0.95 (disk inner edge),mercurius,0.95,1.05,0,3.2e-05,0,3.2e-05,100,0,0.28,uniform,,0.0028,0.0028,total_disk_mass_earth = 0.28,none,1000,completed,2026-09-06T19:41:20-03:00,49.85,101,6497887d-ada4-49e6-ae69-8c190d26d24b,backfilled from run_metadata.yaml
2026-09-21T15:59:41-03:00,SmokeTest_800MP_slopeq3,Elaines-MacBook-Pro.local,Elaines-MacBook-Pro.local,/Users/elainenieves/debris-disk-pipeline/config/SmokeTest_800MP_slopeq3.yaml,fbf3a28,yes,20000,2000,92.5963,0.1 x circular period at a=95 (disk inner edge),mercurius,95,105,0,3.2e-05,0,3.2e-05,800,0,0.000479905,power law in radius (csv),3,2.19223e-07,1.88806e-06,src/mass_models/cascade_selection_200km_800keep/slope_q3/selected.csv,none,1000,completed,2026-09-21T16:04:19-03:00,0.07622,801,7e394075-ee8f-4f98-ab78-5e1391acc74a,backfilled from run_metadata.yaml
2026-09-21T20:27:50+00:00,SmokeTest_800MP_slopeq3_remote,barbieri,barbieri,config/SmokeTest_800MP_slopeq3_remote.yaml,,,20000,2000,92.5963,0.1 x circular period at a=95 (disk inner edge),mercurius,95,105,0,3.2e-05,0,3.2e-05,800,0,0.000479905,power law in radius (csv),3,2.19223e-07,1.88806e-06,src/mass_models/cascade_selection_200km_800keep/slope_q3/selected.csv,none,1000,completed,2026-09-21T20:33:44+00:00,0.09758,801,0caa1ba6-ea89-430d-b49a-4bcd4fba0d1d,backfilled from run_metadata.yaml
2026-09-21T21:01:34+00:00,SS_800MP_100Myr_slopeq2,barbieri,barbieri,config/SS_800MP_100Myr_slopeq2.yaml,,,1e+08,10000,92.5963,0.1 x circular period at a=95 (disk inner edge),mercurius,95,105,0,3.2e-05,0,3.2e-05,800,0,0.00427498,power law in radius (csv),2,5.08978e-06,5.58249e-06,src/mass_models/cascade_selection_200km_800keep/slope_q2/selected.csv,none,1000,running,,,,2849c1e7-ce19-425b-9546-76251161d494,backfilled from run_metadata.yaml; tmux session alive and archive updating as of 2026-09-28 ~18:12 UTC
2026-09-21T21:01:38+00:00,SS_800MP_100Myr_slopeq2.5,barbieri,barbieri,config/SS_800MP_100Myr_slopeq2.5.yaml,,,1e+08,10000,92.5963,0.1 x circular period at a=95 (disk inner edge),mercurius,95,105,0,3.2e-05,0,3.2e-05,800,0,0.00305601,power law in radius (csv),2.5,2.65005e-06,5.5123e-06,src/mass_models/cascade_selection_200km_800keep/slope_q2.5/selected.csv,none,1000,running,,,,064849db-6ff8-4bf6-9ac7-802df77f47ef,backfilled from run_metadata.yaml; tmux session alive and archive updating as of 2026-09-28 ~18:12 UTC
2026-09-21T21:01:42+00:00,SS_800MP_100Myr_slopeq3,barbieri,barbieri,config/SS_800MP_100Myr_slopeq3.yaml,,,1e+08,10000,92.5963,0.1 x circular period at a=95 (disk inner edge),mercurius,95,105,0,3.2e-05,0,3.2e-05,800,0,0.000479905,power law in radius (csv),3,2.19223e-07,1.88806e-06,src/mass_models/cascade_selection_200km_800keep/slope_q3/selected.csv,none,1000,running,,,,26c25250-b4bc-49a1-8cd4-6ff0cc3827a7,backfilled from run_metadata.yaml; tmux session alive and archive updating as of 2026-09-28 ~18:12 UTC
2026-09-21T21:01:45+00:00,SS_800MP_100Myr_slopeq3.5,barbieri,barbieri,config/SS_800MP_100Myr_slopeq3.5.yaml,,,1e+08,10000,92.5963,0.1 x circular period at a=95 (disk inner edge),mercurius,95,105,0,3.2e-05,0,3.2e-05,800,0,0.000100403,power law in radius (csv),3.5,2.51189e-08,1.23945e-06,src/mass_models/cascade_selection_200km_800keep/slope_q3.5/selected.csv,none,1000,running,,,,6399c287-86a6-47fc-a27d-b926ef81f9b2,backfilled from run_metadata.yaml; tmux session alive and archive updating as of 2026-09-28 ~18:12 UTC
2026-09-21T21:01:49+00:00,SS_800MP_100Myr_slopeq4,barbieri,barbieri,config/SS_800MP_100Myr_slopeq4.yaml,,,1e+08,10000,92.5963,0.1 x circular period at a=95 (disk inner edge),mercurius,95,105,0,3.2e-05,0,3.2e-05,800,0,8.48379e-06,power law in radius (csv),4,4.08828e-09,4.11412e-08,src/mass_models/cascade_selection_200km_800keep/slope_q4/selected.csv,none,1000,running,,,,aaf7fd13-f3e4-48cb-87ef-62861d278994,backfilled from run_metadata.yaml; tmux session alive and archive updating as of 2026-09-28 ~18:12 UTC
2026-09-21T21:01:52+00:00,SS_800MP_100Myr_slopeq4.5,barbieri,barbieri,config/SS_800MP_100Myr_slopeq4.5.yaml,,,1e+08,10000,92.5963,0.1 x circular period at a=95 (disk inner edge),mercurius,95,105,0,3.2e-05,0,3.2e-05,800,0,2.58654e-06,power law in radius (csv),4.5,1.24924e-09,1.55978e-08,src/mass_models/cascade_selection_200km_800keep/slope_q4.5/selected.csv,none,1000,running,,,,5f21be55-8b6d-49d6-bcd8-a8ffb5bd67aa,backfilled from run_metadata.yaml; tmux session alive and archive updating as of 2026-09-28 ~18:12 UTC
2026-09-21T21:01:56+00:00,SS_800MP_100Myr_slopeq5,barbieri,barbieri,config/SS_800MP_100Myr_slopeq5.yaml,,,1e+08,10000,92.5963,0.1 x circular period at a=95 (disk inner edge),mercurius,95,105,0,3.2e-05,0,3.2e-05,800,0,8.6947e-07,power law in radius (csv),5,4.75522e-10,5.24004e-09,src/mass_models/cascade_selection_200km_800keep/slope_q5/selected.csv,none,1000,running,,,,576053d7-24e9-47bf-8143-9cec5586d433,backfilled from run_metadata.yaml; tmux session alive and archive updating as of 2026-09-28 ~18:12 UTC
2026-09-25T15:16:09+00:00,SS_800MP_10Myr_1Mearth_slopeq2.5,barbieri,barbieri,config/SS_800MP_10Myr_1Mearth_slopeq2.5.yaml,,,1e+07,10000,92.5963,0.1 x circular period at a=95 (disk inner edge),mercurius,95,105,0,3.2e-05,0,3.2e-05,800,0,1,power law in radius (csv),2.5,0.000201985,0.00550297,src/mass_models/cascade_selection_1000km_drop100_800keep_1Mearth/slope_q2.5/selected.csv,none,1000,running,,,,6f595dc3-727b-44df-bafd-db90fcb377d2,backfilled from run_metadata.yaml; tmux session alive and archive updating as of 2026-09-28 ~18:12 UTC
2026-09-25T15:16:13+00:00,SS_800MP_10Myr_1Mearth_slopeq3.5,barbieri,barbieri,config/SS_800MP_10Myr_1Mearth_slopeq3.5.yaml,,,1e+07,10000,92.5963,0.1 x circular period at a=95 (disk inner edge),mercurius,95,105,0,3.2e-05,0,3.2e-05,800,0,1,power law in radius (csv),3.5,0.00024757,0.00860706,src/mass_models/cascade_selection_1000km_drop100_800keep_1Mearth/slope_q3.5/selected.csv,none,1000,running,,,,8a305789-601b-430e-8470-47eec16c6b13,backfilled from run_metadata.yaml; tmux session alive and archive updating as of 2026-09-28 ~18:12 UTC
2026-09-25T15:16:17+00:00,SS_800MP_10Myr_1Mearth_slopeq4.5,barbieri,barbieri,config/SS_800MP_10Myr_1Mearth_slopeq4.5.yaml,,,1e+07,10000,92.5963,0.1 x circular period at a=95 (disk inner edge),mercurius,95,105,0,3.2e-05,0,3.2e-05,800,0,1,power law in radius (csv),4.5,0.000382707,0.00545543,src/mass_models/cascade_selection_1000km_drop100_800keep_1Mearth/slope_q4.5/selected.csv,none,1000,running,,,,351e0400-aafa-41bb-b829-5a1cc2003e04,backfilled from run_metadata.yaml; tmux session alive and archive updating as of 2026-09-28 ~18:12 UTC
2026-09-25T15:16:21+00:00,SS_800MP_10Myr_1Mearth_uniform,barbieri,barbieri,config/SS_800MP_10Myr_1Mearth_uniform.yaml,,,1e+07,10000,92.5963,0.1 x circular period at a=95 (disk inner edge),mercurius,95,105,0,3.2e-05,0,3.2e-05,800,0,1,uniform,,0.00125,0.00125,total_disk_mass_earth = 1,none,1000,running,,,,a714088a-1f3b-4cc5-ad24-21deb5ee50cb,backfilled from run_metadata.yaml; tmux session alive and archive updating as of 2026-09-28 ~18:12 UTC
2026-09-25T15:16:25+00:00,SS_800MP_10Myr_10Mearth_slopeq2.5,barbieri,barbieri,config/SS_800MP_10Myr_10Mearth_slopeq2.5.yaml,,,1e+07,10000,92.5963,0.1 x circular period at a=95 (disk inner edge),mercurius,95,105,0,3.2e-05,0,3.2e-05,800,0,10,power law in radius (csv),2.5,0.00201985,0.0550297,src/mass_models/cascade_selection_1000km_drop100_800keep_10Mearth/slope_q2.5/selected.csv,none,1000,running,,,,78e85152-2e31-468f-97c8-25753d79e1b9,backfilled from run_metadata.yaml; tmux session alive and archive updating as of 2026-09-28 ~18:12 UTC
2026-09-25T15:16:29+00:00,SS_800MP_10Myr_10Mearth_slopeq3.5,barbieri,barbieri,config/SS_800MP_10Myr_10Mearth_slopeq3.5.yaml,,,1e+07,10000,92.5963,0.1 x circular period at a=95 (disk inner edge),mercurius,95,105,0,3.2e-05,0,3.2e-05,800,0,10,power law in radius (csv),3.5,0.0024757,0.0860706,src/mass_models/cascade_selection_1000km_drop100_800keep_10Mearth/slope_q3.5/selected.csv,none,1000,running,,,,39ec36bf-53ff-48af-b4d9-ce4996665da4,backfilled from run_metadata.yaml; tmux session alive and archive updating as of 2026-09-28 ~18:12 UTC
2026-09-25T15:16:34+00:00,SS_800MP_10Myr_10Mearth_slopeq4.5,barbieri,barbieri,config/SS_800MP_10Myr_10Mearth_slopeq4.5.yaml,,,1e+07,10000,92.5963,0.1 x circular period at a=95 (disk inner edge),mercurius,95,105,0,3.2e-05,0,3.2e-05,800,0,10,power law in radius (csv),4.5,0.00382707,0.0545543,src/mass_models/cascade_selection_1000km_drop100_800keep_10Mearth/slope_q4.5/selected.csv,none,1000,running,,,,163b7d4f-a44e-4dfb-859c-e7d73d00a114,backfilled from run_metadata.yaml; tmux session alive as of 2026-09-28 ~18:12 UTC but archive last written 2026-09-28 06:47 UTC -- check it
2026-09-25T15:16:38+00:00,SS_800MP_10Myr_10Mearth_uniform,barbieri,barbieri,config/SS_800MP_10Myr_10Mearth_uniform.yaml,,,1e+07,10000,92.5963,0.1 x circular period at a=95 (disk inner edge),mercurius,95,105,0,3.2e-05,0,3.2e-05,800,0,10,uniform,,0.0125,0.0125,total_disk_mass_earth = 10,none,1000,running,,,,c5b49c9d-7aa9-4081-867c-2ad804edbb12,backfilled from run_metadata.yaml; tmux session alive and archive updating as of 2026-09-28 ~18:12 UTC
2026-09-25T15:16:44+00:00,SS_800MP_500kyr_1Mearth_slopeq3.5,barbieri,barbieri,config/SS_800MP_500kyr_1Mearth_slopeq3.5.yaml,,,500000,10000,92.5963,0.1 x circular period at a=95 (disk inner edge),mercurius,95,105,0,3.2e-05,0,3.2e-05,800,0,1,power law in radius (csv),3.5,0.00024757,0.00860706,src/mass_models/cascade_selection_1000km_drop100_800keep_1Mearth/slope_q3.5/selected.csv,none,1000,completed,2026-09-27T14:05:14+00:00,46.81,801,08503ec3-93a1-42cd-893f-39e17878f074,backfilled from run_metadata.yaml
2026-09-25T15:16:50+00:00,SS_800MP_1000TP_500kyr_1Mearth_slopeq3.5,barbieri,barbieri,config/SS_800MP_1000TP_500kyr_1Mearth_slopeq3.5.yaml,,,500000,10000,92.5963,0.1 x circular period at a=95 (disk inner edge),mercurius,95,105,0,3.2e-05,0,3.2e-05,800,1000,1,power law in radius (csv),3.5,0.00024757,0.00860706,src/mass_models/cascade_selection_1000km_drop100_800keep_1Mearth/slope_q3.5/selected.csv,none,1000,completed,2026-09-28T08:28:49+00:00,65.2,1801,29a9efa4-d7fe-470f-9d35-acecf8a99eae,backfilled from run_metadata.yaml
2026-09-28T16:40:11+00:00,SmokeTest_800MP_slopeq3_remote_newpc,barbieri,barbieri,config/SmokeTest_800MP_slopeq3_remote_newpc.yaml,,,20000,2000,92.5963,0.1 x circular period at a=95 (disk inner edge),mercurius,95,105,0,3.2e-05,0,3.2e-05,800,0,0.000479905,power law in radius (csv),3,2.19223e-07,1.88806e-06,src/mass_models/cascade_selection_200km_800keep/slope_q3/selected.csv,none,1000,completed,2026-09-28T16:51:54+00:00,0.194,801,d3432ac3-bb66-4d28-8dd3-9f970df61184,backfilled from run_metadata.yaml
