particle_id,radius_km,density_g_cm3,mass_kg,mass_earth,mass_solar
0,22.71459394010686,0.10324406434542784,3.25891255691367e+23,0.05455433397621849,1.638533755462095e-07
1,22.68656000249628,0.10311665750860566,3.2428544295862604e+23,0.05428552024588576,1.6304599629880842e-07
2,22.613917915714605,0.10278651807767668,3.201520382077926e+23,0.053593586543161896,1.6096778060846721e-07
3,22.601769942654528,0.10273130864436429,3.194646824108095e+23,0.053478522892161026,1.606221881276318e-07
4,22.558419325626147,0.10253429105444946,3.1702083900109377e+23,0.05306942247221766,1.593934592648743e-07
5,22.555028021291594,0.10251887842655315,3.1683025109644385e+23,0.0530375179764065,1.5929763444303635e-07
6,22.543382742728713,0.10246595354710601,3.1617645220973586e+23,0.05292807176637217,1.589689138878064e-07
7,22.484318798505036,0.10219752249278453,3.128760017417222e+23,0.05237557496273132,1.5730949547579703e-07
8,22.482750474536832,0.10219039484284562,3.127887186061955e+23,0.052360963728944415,1.5726561078685696e-07
9,22.4235460908001,0.10192132519071127,3.0950710633369614e+23,0.05181162044719667,1.5561566394510396e-07
10,22.272858597437946,0.10123648539673487,3.0127120285777994e+23,0.050432926723525416,1.51474771663908e-07
11,22.028905279391324,0.10012776961816656,2.8828760562408102e+23,0.04825946705767075,1.449468081290756e-07
12,22.00553731574538,0.1000215669281229,2.870663373128532e+23,0.048055026226068956,1.4433277221449491e-07
13,21.982581204725122,0.09991723597788171,2.8587037562127026e+23,0.04785482173329432,1.4373146009958686e-07
14,21.982349607711644,0.09991618341536525,2.8585832901116037e+23,0.04785280512566911,1.4372540323952716e-07
15,21.957140276803933,0.09980161197512857,2.845493301792511e+23,0.04763367816781637,1.4306725769726842e-07
16,21.95273540196569,0.09978159268138599,2.8432106849382446e+23,0.047595467065176256,1.4295249104731436e-07
17,21.882699243599664,0.0994632918223536,2.8071019449636637e+23,0.046991005231472045,1.411369962071709e-07
18,21.812248185175065,0.09914310488560349,2.771127381581608e+23,0.04638878951959915,1.3932824757062165e-07
19,21.75947172321756,0.09890324541199336,2.7444054121763095e+23,0.045941462622058955,1.379847058793873e-07
20,21.727309501416816,0.09875707381198935,2.7282159780471815e+23,0.045670450810314345,1.371707247172929e-07
21,21.62258485063871,0.0982811182055956,2.6759968721065173e+23,0.04479630076925757,1.345452241471008e-07
22,21.61587536453676,0.09825062470777293,2.672677056400288e+23,0.04474072691398707,1.3437830864993504e-07
23,21.60723843791492,0.09821137130782075,2.668408102411089e+23,0.04466926444373397,1.3416367186267366e-07
24,21.548500798038237,0.09794441830013788,2.6395114739427345e+23,0.04418553366154255,1.3271079148194672e-07
25,21.508946604339343,0.09776465076477858,2.620185022749007e+23,0.0438620080515163,1.3173908567207364e-07
26,21.48105686310926,0.09763789623516983,2.606621840390746e+23,0.04363495980544318,1.3105714862290823e-07
27,21.46301384967735,0.09755589351435755,2.5978753595014345e+23,0.04348854334559069,1.3061738830628856e-07
28,21.402194544613305,0.09727947892421916,2.5685548265290682e+23,0.04299771638408116,1.2914319462467412e-07
29,21.39523151979259,0.0972478330041645,2.565213909116211e+23,0.04294178928534962,1.2897521816444155e-07
30,21.366069305205876,0.09711529499884865,2.551257029711017e+23,0.04270815053406694,1.2827348660132218e-07
31,21.29097652180388,0.09677400893881878,2.515580142493615e+23,0.04211091793377487,1.264797046886559e-07
32,21.247891542223684,0.09657819359875576,2.495279984745369e+23,0.041771092434861656,1.2545904233178654e-07
33,21.200077469020606,0.09636088499408069,2.4728957379413508e+23,0.041396379197048055,1.24333595013442e-07
34,21.185043396877195,0.09629255709614999,2.465888731493513e+23,0.0412790816128837,1.2398129293754967e-07
35,21.179000557776554,0.09626509317496007,2.46307651429032e+23,0.041232004978013215,1.23839898753611e-07
36,21.169188649574558,0.09622049931635257,2.4585153716649305e+23,0.04115565125763775,1.2361057114740315e-07
37,21.15021161958857,0.09613425113751611,2.4497117268442907e+23,0.041008277871158176,1.231679367115968e-07
38,21.134500659779984,0.09606284680824465,2.442441153746222e+23,0.04088656817012643,1.2280238288851347e-07
39,21.12444352434102,0.09601713838642886,2.4377955087167892e+23,0.04080879987593487,1.2256880662453942e-07
40,21.043837054594885,0.095650791770254,2.4008003329912704e+23,0.04018949907028509,1.207087430862614e-07
41,21.038706035029342,0.09562747189143884,2.3984597411753373e+23,0.04015031746433573,1.205910615396968e-07
42,20.944181659877053,0.09519786937058766,2.355646394049507e+23,0.039433620223476254,1.184384688197367e-07
43,20.9117721121418,0.09505057150019801,2.341099796689561e+23,0.03919010956870016,1.1770708709699542e-07
44,20.775892529081297,0.09443301265147265,2.2808440795044736e+23,0.03818142631565671,1.1467751742174012e-07
45,20.73549621971549,0.09424941526064091,2.26315680464201e+23,0.03788534058671349,1.1378822700973444e-07
46,20.713556273906125,0.09414970023568973,2.2535937500937208e+23,0.03772525464928832,1.1330741055918393e-07
47,20.665196399517257,0.0939299089440251,2.2326219747005604e+23,0.037374186242605995,1.1225298024558859e-07
48,20.617729080410665,0.09371417405701785,2.212179941566219e+23,0.03703198574373163,1.112251846010005e-07
49,20.594833420172744,0.09361011518523209,2.202370152020475e+23,0.036867769452018126,1.1073196267423904e-07
50,20.502971678841337,0.09319261079887185,2.1633390832809248e+23,0.03621438771124423,1.0876953740124917e-07
51,20.448808635138363,0.09294644372014861,2.1405702837280885e+23,0.035833237044158105,1.0762475533093782e-07
52,20.438213598918924,0.09289829002768392,2.1361374955509532e+23,0.03575903198267272,1.074018811993923e-07
53,20.42449013706678,0.0928359178484844,2.130406063855787e+23,0.03566308757379416,1.0711371316371635e-07
54,20.40630050615003,0.09275324721933882,2.1228271758554365e+23,0.03553621666826393,1.0673265771652136e-07
55,20.402280849291962,0.09273497815025866,2.1211550781143697e+23,0.035508225681389026,1.0664858707813134e-07
56,20.393260727213626,0.09269398229978792,2.1174064811509456e+23,0.03544547400974597,1.0646011308403283e-07
57,20.367153889618415,0.09257532843702089,2.106584955712559e+23,0.03526432121641758,1.0591602255055806e-07
58,20.350634643101337,0.0925002495192778,2.0997590359108433e+23,0.035150055030364905,1.0557282524741283e-07
59,20.27018583088756,0.09213461452149894,2.066753567877307e+23,0.03459754210014741,1.0391335839939802e-07
60,20.17964405698222,0.09172310703564826,2.0300743533915857e+23,0.03398353049900939,1.0206918093194225e-07
61,20.087679050982914,0.0913051304066345,1.9933205585686338e+23,0.03336827041987317,1.0022125367378445e-07
62,20.0816634780966,0.09127778988867256,1.990933954560442e+23,0.03332831856788018,1.0010125870122689e-07
63,20.078007412129914,0.09126117322604897,1.9894845031228377e+23,0.033304054689537815,1.0002838239460802e-07
64,20.067042780329054,0.09121133943999056,1.9851423080469365e+23,0.033231366160397,9.981006315221007e-08
65,19.97692155625113,0.09080174196519027,1.9497213857276785e+23,0.032638418423321006,9.802915078171462e-08
66,19.921442969534287,0.09054959363869207,1.9281533238417407e+23,0.03227736815554103,9.694474005197498e-08
67,19.832671376166132,0.09014612923934097,1.8940149948806333e+23,0.03170589108550328,9.522831460695419e-08
68,19.750194582234105,0.08977127401451204,1.8627055438160252e+23,0.031181769551046304,9.365412102125905e-08
69,19.74932972653806,0.08976734326168745,1.8623793021225203e+23,0.03117630825130487,9.36377180642017e-08
70,19.687831609021718,0.08948783534002837,1.8392905676613862e+23,0.030789801860328297,9.247685013280505e-08
71,19.63022924757024,0.08922603331977633,1.817859787600843e+23,0.03043104969610914,9.139934173324433e-08
72,19.62069939019759,0.08918272021314214,1.814332370447924e+23,0.030372000583844518,9.122198833778755e-08
73,19.61950908432225,0.08917731028436711,1.8138921470728468e+23,0.03036463122593488,9.119985454783736e-08
74,19.608077227726763,0.08912535260078279,1.8096682610880276e+23,0.0302939231959804,9.098748371417793e-08
75,19.573232841427746,0.0889669851269061,1.7968393228935013e+23,0.03007916622824903,9.0342463391866e-08
76,19.53844964328576,0.08880889566722054,1.7841010618879422e+23,0.029865927200494437,8.970200218651038e-08
77,19.51223746454219,0.08868976139108971,1.7745465118549916e+23,0.029705983629015578,8.922161333060112e-08
78,19.46663418924854,0.08848249452269911,1.7580152727422333e+23,0.02942924998739488,8.839044671189557e-08
79,19.380461038314937,0.08809083718928672,1.7270930331295832e+23,0.028911610389013395,8.68357215538877e-08
80,19.379366619304566,0.08808586304696556,1.7267029560362537e+23,0.0289050804819802,8.681610904592713e-08
81,19.33613382113573,0.08788936960022063,1.7113465392666863e+23,0.028648013416051193,8.604401078307255e-08
82,19.28788923104219,0.08767009736316755,1.694331093771998e+23,0.028363174139126722,8.518849897290983e-08
83,19.276243454237335,0.0876171671448242,1.690242812227627e+23,0.02829473613323814,8.498294613295793e-08
84,19.260228144534462,0.0875443773232191,1.684632682688082e+23,0.028200822327572844,8.470087699294503e-08
85,19.237942621685193,0.08744308926011085,1.6768493617198285e+23,0.02807052920551733,8.430954295395635e-08
86,19.19114106494655,0.08723037531480127,1.6605915229491632e+23,0.027798372297181514,8.349212250614219e-08
87,19.187566139768045,0.0872141272072925,1.6593545510382936e+23,0.027777665335099448,8.342992936057226e-08
88,19.13001310708951,0.08695254738625481,1.6395353873082515e+23,0.027445891696385425,8.243345068219193e-08
89,19.12723739335562,0.08693993169957967,1.6385840424713305e+23,0.027429966143596402,8.23856184497783e-08
90,19.04035357501624,0.08654504236248636,1.609014299582875e+23,0.02693496739755596,8.089889485664959e-08
91,19.010063454908117,0.08640737281706767,1.598800158583948e+23,0.02676398224542185,8.038534272791003e-08
92,19.00910968680911,0.08640303791016557,1.598479329926783e+23,0.026758611560137587,8.036921193043376e-08
93,18.993651743170343,0.08633278104720588,1.593286314188305e+23,0.026671680257136014,8.010811466465746e-08
94,18.98789624592104,0.0863066221185839,1.591356021103752e+23,0.026639367069295705,8.001106234055427e-08
95,18.967203354390765,0.0862125722122592,1.5844304727734998e+23,0.026523433097463446,7.966285586014017e-08
96,18.854368342822138,0.08569973269161191,1.547063398808113e+23,0.025897906699555936,7.77840938201694e-08
97,18.85308904745138,0.0856939182395419,1.5466435669752444e+23,0.025890878696924944,7.776298528725361e-08
98,18.845319408250365,0.08565860489540389,1.5440956063119012e+23,0.02584822572770323,7.763487753715088e-08
99,18.826750222845547,0.08557420713355846,1.538018816203761e+23,0.025746500004391153,7.732934538361328e-08
100,18.812667224137005,0.08551019927192208,1.5334221098412535e+23,0.025669550945552847,7.70982296845149e-08
101,18.800570997046652,0.08545522136619053,1.529482120308138e+23,0.025603595354201862,7.69001327508466e-08
102,18.797622331304407,0.08544181954399514,1.5285228314168756e+23,0.025587536817607323,7.685190110295415e-08
103,18.77553834199887,0.08534144677306588,1.5213525889864643e+23,0.025467506656193736,7.64913917596718e-08
104,18.72973214444225,0.08513325534802232,1.5065606584066856e+23,0.02521988911294596,7.57476750400562e-08
105,18.7141200750156,0.08506229769213844,1.5015438759998435e+23,0.0251359079633664,7.54954385294453e-08
106,18.676102312902813,0.08488950494862114,1.4893796532977816e+23,0.024932278361080338,7.488383913368972e-08
107,18.672213504461155,0.08487183010292432,1.4881395641708989e+23,0.024911519216670428,7.482148925904003e-08
108,18.672206065416862,0.08487179629206282,1.488137192701268e+23,0.02491147951816855,7.482137002500192e-08
109,18.66608810403454,0.08484398982314159,1.4861878264105188e+23,0.024878847044050183,7.472335872787839e-08
110,18.618018745072735,0.08462551187541821,1.4709380440142033e+23,0.02462356504203748,7.395662188595838e-08
111,18.580527161044945,0.08445511040885381,1.4591257132697516e+23,0.024425826125998366,7.336271510517022e-08
112,18.57695641573075,0.08443888115556433,1.4580044146331946e+23,0.024407055539418483,7.330633784331168e-08
113,18.514092452037513,0.08415316050814994,1.4383692760219432e+23,0.024078362488972844,7.231911167980327e-08
114,18.45543163920975,0.08388654321907696,1.4202264669673563e+23,0.023774651098395355,7.140691767227221e-08
115,18.390275998693287,0.08359040625371833,1.4002766909361655e+23,0.023440691004238345,7.04038719976754e-08
116,18.385767871391188,0.08356991648848221,1.3989041818191133e+23,0.023417715143594826,7.033486423883883e-08
117,18.36895302073297,0.08349349176271005,1.3937937622876448e+23,0.023332166504590423,7.007791979001895e-08
118,18.348057805259675,0.08339852145598675,1.38746275143798e+23,0.02322618511531781,6.975960578796433e-08
119,18.335081937693662,0.0833395451602228,1.3835420830237887e+23,0.023160552960314433,6.956248029200716e-08
120,18.261285445113696,0.08300413434320622,1.3614021812575952e+23,0.02278993006876393,6.844931828618523e-08
121,18.251146275079407,0.08295805099803422,1.3583811926470003e+23,0.02273935859170754,6.829742738003541e-08
122,18.24714008479182,0.08293984253847894,1.3571889260009312e+23,0.022719399997648188,6.823748195004984e-08
123,18.209514570772622,0.08276883147973135,1.346029604407362e+23,0.0225325924824014,6.767640751801793e-08
124,18.18111458777903,0.08263975116165799,1.3376521597479261e+23,0.022392353704638372,6.725520180539821e-08
125,18.178228772500102,0.08262663488506063,1.3368030942455115e+23,0.02237814031223294,6.721251202891577e-08
126,18.074901708361374,0.08215700423189223,1.3066675620864237e+23,0.021873670229882857,6.56973413755417e-08
127,18.068755605696616,0.08212906963088461,1.3048912431139952e+23,0.02184393457518891,6.560803064547569e-08
128,18.032307394866372,0.08196340911895564,1.2943943318934471e+23,0.021668215837590495,6.508026124195278e-08
129,18.008832879432845,0.08185671521840868,1.2876673948840405e+23,0.021555606627665664,6.47420406493997e-08
130,17.98748010094328,0.08175966478502326,1.281571273112308e+23,0.021453557291487787,6.443553652798042e-08
131,17.966783606404032,0.08166559719940227,1.2756831997007514e+23,0.021354990693654687,6.413949277501114e-08
132,17.957942958191904,0.081625415583528,1.2731742632168229e+23,0.02131299099084616,6.401334710379618e-08
133,17.906141805528705,0.08138997415520471,1.2585476162548888e+23,0.021068140302348617,6.327794060368888e-08
134,17.905852655622787,0.08138865993946912,1.2584663268697878e+23,0.021066779514605446,6.327385349183415e-08
135,17.904645109272316,0.08138317151841752,1.25812688911794e+23,0.021061097312289473,6.325678705618828e-08
136,17.897618840885162,0.0813512364118446,1.2561531875286769e+23,0.021028057464245183,6.315755221570887e-08
137,17.87692002638566,0.08125715817151147,1.2503523185760332e+23,0.020930950672740933,6.286589297588808e-08
138,17.87048510603702,0.08122791079168594,1.2485530247353706e+23,0.020900830417781464,6.27754271029187e-08
139,17.867254574857203,0.08121322769177938,1.2476504554872683e+23,0.020885721370411295,6.273004723605115e-08
140,17.867198405647695,0.08121297239688002,1.2476347668551395e+23,0.02088545874204621,6.272925843448402e-08
141,17.843418962433073,0.08110489233751143,1.241006204725894e+23,0.020774496331774167,6.239598398758593e-08
142,17.817434728076172,0.08098679123359033,1.233793289880923e+23,0.020653751832336833,6.203332913746773e-08
143,17.816580488809105,0.08098290862475466,1.2335566982977437e+23,0.02064979127923229,6.20214336573489e-08
144,17.788731218269422,0.08085633068811202,1.2258621349893583e+23,0.020520983964155276,6.163456222418992e-08
145,17.748534263371727,0.08067363111528508,1.2148195354137235e+23,0.02033613038042324,6.107935640517082e-08
146,17.745856233734507,0.08066145917325143,1.2140865080343628e+23,0.020323859471103344,6.104250085646295e-08
147,17.731187356681815,0.08059478749102843,1.2100772420012214e+23,0.0202567441882132,6.084092080130027e-08
148,17.724317418087345,0.08056356284962347,1.20820298309634e+23,0.02022536901490949,6.074668579411641e-08
149,17.702542148429995,0.08046459178878854,1.2022766316708306e+23,0.02012616164150458,6.044871747837171e-08
150,17.677972607171306,0.0803529204149306,1.1956159990096187e+23,0.020014662369171606,6.011383057184897e-08
151,17.6091480680566,0.0800401048316471,1.1771054402826972e+23,0.019704794833532286,5.918314664655679e-08
152,17.583916812143332,0.07992542575332505,1.1703735602046586e+23,0.019592102876429585,5.884467752371431e-08
153,17.580117249251952,0.07990815628202749,1.1693623166607569e+23,0.01957517461675343,5.879383367157839e-08
154,17.57913781266028,0.0799037046245348,1.1691017484870453e+23,0.019570812694509745,5.8780732683418405e-08
155,17.574541186565448,0.07988281240355269,1.1678794491130502e+23,0.01955035135131525,5.8719277251626526e-08
156,17.56211141204188,0.07982631757050894,1.1645790190455184e+23,0.019495102012456095,5.85533364361321e-08
157,17.55638027846556,0.079800268870211,1.1630596117586568e+23,0.01946966707023971,5.847694285132921e-08
158,17.546686838230087,0.079756210999193,1.1604931235152773e+23,0.01942670394854492,5.834790356149455e-08
159,17.52484843166451,0.07965695275179256,1.1547266327401106e+23,0.019330172649185004,5.805797280635273e-08
160,17.504836856087493,0.07956599765251221,1.1494614150170642e+23,0.01924203268190935,5.779324532998131e-08
161,17.493211314669693,0.07951315811083141,1.1464109155785362e+23,0.019190967192345764,5.763987066239649e-08
162,17.47513034421585,0.07943097782058216,1.1416786050147044e+23,0.019111748113444498,5.740193698161336e-08
163,17.46879918400385,0.0794022018948726,1.1400250264108404e+23,0.01908406713770928,5.7318797458461907e-08
164,17.428595005082418,0.07921946875278249,1.129566340294752e+23,0.01890898828997552,5.679294995750217e-08
165,17.393435401303666,0.07905966377656086,1.1204790765529869e+23,0.018756867110766056,5.633605557553783e-08
166,17.36627249610413,0.07893620478916227,1.113496248354238e+23,0.018639974271513607,5.598496914678509e-08
167,17.288335542476677,0.07858197082639644,1.0936419183005645e+23,0.018307611947055304,5.4986722356885373e-08
168,17.26914437517774,0.07849474433193511,1.0887940091606913e+23,0.018226457743104073,5.4742976548111104e-08
169,17.253886986491224,0.07842539738777309,1.0849513323789535e+23,0.018162131171325136,5.4549772357809946e-08
170,17.230422394606236,0.07831874754375608,1.079061476855944e+23,0.01806353474087097,5.4253639002873114e-08
171,17.228587858227776,0.07831040931868088,1.0786020021657933e+23,0.01805584311513314,5.423053728484772e-08
172,17.1598159815921,0.07799783136380116,1.0614831116743388e+23,0.017769272164589574,5.336982441095362e-08
173,17.155287536539753,0.07797724892831075,1.0603630754205304e+23,0.017750522710350273,5.331351061986055e-08
174,17.1169525757004,0.07780301096119828,1.0509170279976654e+23,0.01759239547715129,5.2838577117112074e-08
175,17.110501908846032,0.07777369173524656,1.0493337558826158e+23,0.017565891435011097,5.2758972501790716e-08
176,17.088855479995217,0.07767530552825913,1.0440338588715462e+23,0.01747717093498784,5.249250140134074e-08
177,17.05981940044026,0.0775433322309477,1.0369562415505425e+23,0.017358691321821548,5.213664911361656e-08
178,17.02467823547623,0.07738361035254326,1.0284386933760213e+23,0.01721610720529299,5.170839920037112e-08
179,16.989015443876507,0.07722151753518955,1.019848467749922e+23,0.017072306465152506,5.1276495170742014e-08
180,16.967447597990247,0.07712348835915064,1.0146795250119861e+23,0.01698577814519772,5.1016608260361716e-08
181,16.933381845203243,0.07696865422417605,1.0065553944220107e+23,0.016849779855666543,5.060813881010854e-08
182,16.92074848073533,0.07691123360578858,1.0035549774222175e+23,0.016799552748244656,5.045728221457965e-08
183,16.91428204812248,0.07688184265442931,1.0020218012634779e+23,0.01677388731453094,5.0380196350958203e-08
184,16.89830035108841,0.07680920332306282,9.982401140524081e+22,0.01671058171074338,5.0190058627416296e-08
185,16.840864762954126,0.07654814941365724,9.84737650969407e+22,0.016484549907905068,4.951117445495078e-08
186,16.789628571015633,0.07631527260320375,9.728086147371401e+22,0.016284857337066097,4.891139989226013e-08
187,16.779325635870496,0.07626844407380638,9.704229890619303e+22,0.016244921862408595,4.87914541088596e-08
188,16.775278812922284,0.07625005059852402,9.694871558473126e+22,0.016229255974832695,4.8744401778216955e-08
189,16.76833335759217,0.07621848236077618,9.678825879042966e+22,0.016202395439632044,4.866372643969072e-08
190,16.717372472300717,0.07598685667224277,9.561702311813264e+22,0.01600633009293902,4.8074846207053395e-08
191,16.716555303899387,0.07598314250503037,9.559832913832315e+22,0.01600320071281586,4.8065447146352365e-08
192,16.686803947028714,0.07584791758302538,9.491958578103978e+22,0.015889578787861718,4.772418487472587e-08
193,16.680436665215105,0.07581897721011549,9.477479428912504e+22,0.015865340630903273,4.765138582201649e-08
194,16.602244882800363,0.07546358216330114,9.301019294645431e+22,0.015569945620138973,4.6764169974888036e-08
195,16.567758353683207,0.07530683488135988,9.223979558872918e+22,0.015440980776763317,4.637682540712004e-08
196,16.528967433596534,0.07513052332078364,9.137897204522218e+22,0.015296878551659286,4.594401587053385e-08
197,16.50584413154911,0.07502542380625696,9.086870914209819e+22,0.01521146032595806,4.5687463116715703e-08
198,16.46843585782524,0.07485539650160163,9.004774784669873e+22,0.01507403105803936,4.527469573773643e-08
199,16.46106756129334,0.0748219062657946,8.988670137992322e+22,0.015047071811417284,4.5193723920481075e-08
200,16.440294190315903,0.07472748753589394,8.943382743137955e+22,0.014971260520974505,4.496602549694284e-08
201,16.4395508158727,0.0747241087641419,8.941765313106625e+22,0.014968552936264225,4.495789329438401e-08
202,16.43719064638605,0.07471338136531881,8.9366315232532e+22,0.01495995895034603,4.4932081346927984e-08
203,16.40775946510413,0.07457961127966613,8.872798929821131e+22,0.01485310291908267,4.461114036673738e-08
204,16.40004935377244,0.07454456741062504,8.856133327445944e+22,0.014825204630251262,4.452734814595833e-08
205,16.39019279533871,0.0744997675418316,8.83486232801408e+22,0.014789596887277243,4.442040065972528e-08
206,16.38658238144728,0.07448335754623488,8.827080451022517e+22,0.014776569992294776,4.4381274515930845e-08
207,16.37967850858881,0.07445197817170861,8.812214175833708e+22,0.014751683784780182,4.430652905010613e-08
208,16.35613785333372,0.07434498153731635,8.761664655406818e+22,0.014667063673882886,4.40523734258131e-08
209,16.294566294558415,0.07406512727967779,8.630478448183343e+22,0.014447457408389203,4.339278828803242e-08
210,16.266234493055656,0.07393635387717712,8.570611286162198e+22,0.01434723952607195,4.309178491926371e-08
211,16.266060436097412,0.07393556275522278,8.57024445650365e+22,0.014346625451672732,4.308994055318288e-08
212,16.25421122356858,0.07388170582889166,8.545299600409242e+22,0.014304867657114053,4.2964521450884106e-08
213,16.21612315863215,0.0737085882777744,8.465485650899552e+22,0.014171258768214123,4.256322854061276e-08
214,16.203812750783598,0.07365263510092045,8.43980902086697e+22,0.0141282759809893,4.243413018556287e-08
215,16.199574499000583,0.0736333714278246,8.43098255036386e+22,0.01411350043205239,4.238975197777618e-08
216,16.18496145204297,0.07356695229980464,8.400602883832595e+22,0.014062644741846255,4.2237007440382695e-08
217,16.15198224038621,0.07341705535902322,8.332342805834505e+22,0.013948377082701784,4.189380571282156e-08
218,16.129743125187094,0.07331597421908885,8.286547904376519e+22,0.013871716224059015,4.166355562001749e-08
219,16.11246964956451,0.07323746286847882,8.251108728209866e+22,0.013812390893333708,4.14853726052826e-08
220,16.095577089489442,0.07316068284028324,8.216561116363607e+22,0.013754558045049907,4.131167224606121e-08
221,16.07775195184444,0.07307966404771826,8.180224010138007e+22,0.013693729575609843,4.112897456980677e-08
222,16.06832124890661,0.0730367996227981,8.161048045118005e+22,0.01366162892909823,4.103256061137706e-08
223,16.057293741101777,0.07298667739605567,8.138667990888447e+22,0.013624164623704239,4.0920036959196187e-08
224,16.04462592147981,0.07292909961716589,8.113015807772304e+22,0.013581222760720884,4.079106151968055e-08
225,16.043246086035335,0.07292282798808315,8.110225324369633e+22,0.013576551479707792,4.077703137566938e-08
226,16.000471402158023,0.07272840841855474,8.024077224097583e+22,0.013432339195653474,4.034389127816897e-08
227,15.991602990987635,0.07268809968944584,8.006302513116966e+22,0.013402584254327719,4.025452262090464e-08
228,15.96903696138023,0.07258553248713154,7.961207211907562e+22,0.0133270945294587,4.0027790016227714e-08
229,15.95783518802316,0.07253461813600602,7.938892796715961e+22,0.013289740104091749,3.991559638756693e-08
230,15.926561036032366,0.0723924706872168,7.87684160175873e+22,0.013185866141406289,3.9603612019381024e-08
231,15.886690850168346,0.0722112524313715,7.798263270630021e+22,0.01305432568289981,3.920853161831558e-08
232,15.877258382034563,0.07216837989846502,7.779759570613707e+22,0.01302335041084643,3.9115497710384066e-08
233,15.873833325832651,0.07215281230339918,7.773048784128177e+22,0.013012116525899195,3.908175685360989e-08
234,15.869784537343222,0.0721344097142438,7.765121505959134e+22,0.01299884622873093,3.904189965387816e-08
235,15.868917211172977,0.07213046753558536,7.763424123676447e+22,0.012996004803613874,3.9033365463047525e-08
236,15.863862819121522,0.0721074942669781,7.75353806816103e+22,0.012979455504886871,3.8983659816186834e-08
237,15.85872615305572,0.07208414704456002,7.743500766619765e+22,0.01296265301967319,3.893319372634277e-08
238,15.857875880415767,0.07208028237732392,7.741840232040473e+22,0.012959873277767393,3.892484480039656e-08
239,15.81912093509992,0.07190413299821162,7.666437066278127e+22,0.012833648059507506,3.854572866821253e-08
240,15.79491938292876,0.0717941318172857,7.61962979295766e+22,0.01275529248608705,3.831038851717344e-08
241,15.785464687530743,0.07175115821671094,7.601402184343727e+22,0.012724779392208459,3.821874275659015e-08
242,15.782858714509901,0.07173931351460056,7.59638391031579e+22,0.012716378780270486,3.8193511605875504e-08
243,15.778973946185125,0.07172165641503907,7.588907697097176e+22,0.012703863567736154,3.8155922295000184e-08
244,15.773888212252379,0.07169854066991513,7.57912857551323e+22,0.012687493276862504,3.8106754296368026e-08
245,15.754454565483675,0.07161021059071254,7.5418475507157565e+22,0.012625084683742622,3.7919310735050966e-08
246,15.739966040788298,0.07154435713728313,7.514142745513813e+22,0.012578706722709991,3.77800150107285e-08
247,15.69853727788479,0.07135605446799778,7.435344175850149e+22,0.01244679758396492,3.738382728239522e-08
248,15.68757955941805,0.07130624925942014,7.414606359241131e+22,0.012412082391290423,3.7279560561717574e-08
249,15.666381879116013,0.07120990118647269,7.374612261484556e+22,0.012345132102567243,3.70784760648219e-08
250,15.662856782860336,0.07119387885439782,7.367977113089745e+22,0.012334024836103637,3.704511550534835e-08
251,15.64874353048062,0.07112973103552458,7.341457136408352e+22,0.012289630283023378,3.691177692621298e-08
252,15.642235357799287,0.07110014996420974,7.329251885767394e+22,0.01226919864185161,3.6850410704137894e-08
253,15.640853632381027,0.07109386971908765,7.32666259505939e+22,0.01226486415825995,3.683739212768432e-08
254,15.584579132835632,0.07083808970124954,7.221788390639374e+22,0.012089304296695635,3.6310099906679876e-08
255,15.556392169495112,0.07070997367982942,7.169683868481195e+22,0.01200208110632625,3.604812596022563e-08
256,15.54697268210438,0.07066716000541341,7.152334655581258e+22,0.011973038450586386,3.5960896645321375e-08
257,15.513168529448203,0.07051351254753888,7.09033186596198e+22,0.011869245518641297,3.564915565212266e-08
258,15.509246391350178,0.0704956855466544,7.08316416112514e+22,0.011857246750442306,3.561311747644521e-08
259,15.443818001509316,0.07019829868061976,6.964393380987769e+22,0.011658423962378104,3.501595529728581e-08
260,15.440269680827775,0.07018217075323595,6.957995181971489e+22,0.011647713350175884,3.4983786084767056e-08
261,15.430188544950765,0.07013634968668808,6.93984130862412e+22,0.011617323689445243,3.489251105436177e-08
262,15.41994942978375,0.07008981056359546,6.921439335795637e+22,0.011586518709134352,3.479998861591033e-08
263,15.393463946538082,0.06996942795601947,6.874008774539746e+22,0.011507119749074993,3.456151466393694e-08
264,15.378977855025026,0.06990358532829409,6.848170241937403e+22,0.011463865936263931,3.4431602286353417e-08
265,15.359054790343562,0.06981303038831954,6.8127529615596685e+22,0.011404577259181838,3.4253529360455263e-08
266,15.355542025869076,0.06979706405899674,6.806522586446941e+22,0.011394147584903657,3.42222039420738e-08
267,15.353111570642133,0.06978601707593184,6.802214338789496e+22,0.011386935560111586,3.42005427005083e-08
268,15.340686574372038,0.06972954258029039,6.780221618228044e+22,0.011350119652915495,3.408996650558114e-08
269,15.330975929266371,0.06968540543684823,6.763070564156632e+22,0.011321408715892314,3.400373350439752e-08
270,15.309811038018536,0.06958920606304793,6.725801648038236e+22,0.011259020392752396,3.3816350823754783e-08
271,15.29676945994716,0.06952992903519935,6.702913773918637e+22,0.011220705994715625,3.3701273927149594e-08
272,15.29083583709542,0.06950295932671907,6.692519666444994e+22,0.011203306214862714,3.364901386905956e-08
273,15.2645186977895,0.06938334173367386,6.6465647661588515e+22,0.011126377517505203,3.3417959325457294e-08
274,15.255690895697441,0.0693432172884838,6.631202827154353e+22,0.011100661566667683,3.3340721734179116e-08
275,15.243491350972816,0.0692877674712905,6.610017304943351e+22,0.011065196912922749,3.323420401495964e-08
276,15.229873947985181,0.06922587314529584,6.58642955318317e+22,0.011025710916756847,3.311560823554075e-08
277,15.197813691419418,0.06908015164471325,6.531144811745981e+22,0.010933164025869734,3.283764460986858e-08
278,15.175091769064544,0.06897687507033785,6.492174369205001e+22,0.010867927340305054,3.2641706902263546e-08
279,15.165696667776931,0.0689341720803633,6.476111869550559e+22,0.010841038647977844,3.2560946994100114e-08
280,15.156280933836161,0.06889137530627358,6.460044016872958e+22,0.010814140994667236,3.24801601717161e-08
281,15.15361827852239,0.06887927289714933,6.455505651115447e+22,0.01080654375120281,3.245734192986871e-08
282,15.143448337932062,0.06883304806717964,6.438193489981998e+22,0.010777563120276685,3.2370298905848394e-08
283,15.14259875033327,0.0688291864866755,6.436748825386529e+22,0.01077514474563642,3.236303534273138e-08
284,15.139631821277145,0.06881570107843746,6.431705675917019e+22,0.010766702492104086,3.2337679121920534e-08
285,15.133966954299225,0.06878995289051953,6.422084836188507e+22,0.010750597165725587,3.228930694139788e-08
286,15.098907230118995,0.0686305979505696,6.362781582563783e+22,0.010651323268447916,3.19911388218922e-08
287,15.092010831499477,0.06859925214203763,6.351164889724511e+22,0.010631876875524351,3.1932731782698706e-08
288,15.086818842783048,0.06857565328961147,6.342429704585397e+22,0.010617254138672687,3.188881254442309e-08
289,15.081603602023462,0.06855194874985088,6.333664473580928e+22,0.010602581104915397,3.184474223991376e-08
290,15.07465651873246,0.06852037256211163,6.322002657968205e+22,0.010583059176278315,3.1786108329989166e-08
291,15.068408510177226,0.06849197383780238,6.311528115150877e+22,0.010565524747320029,3.173344385470948e-08
292,15.066264219630193,0.06848222751336963,6.307936297426575e+22,0.010559512029264813,3.171538471847322e-08
293,15.0593839239949,0.06845095488740346,6.2964217321432105e+22,0.010540236598301592,3.165749116175216e-08
294,15.034993343875485,0.06834009372107785,6.255729665069199e+22,0.010472117905990293,3.1452897376813546e-08
295,15.016834534124616,0.06825755746277591,6.225562707962679e+22,0.010421618292260432,3.130122231141865e-08
296,15.010628174918923,0.06822934802996311,6.215277237847241e+22,0.010404400371804432,3.1249508466138616e-08
297,15.009700082754323,0.06822512962210958,6.213740256012997e+22,0.010401827457716176,3.124178074539447e-08
298,15.00882076546402,0.06822113290805974,6.212284311584524e+22,0.010399390200587775,3.123446046892044e-08
299,14.953225836850395,0.06796844017481198,6.120750306407644e+22,0.010246161888953371,3.077424082621546e-08
300,14.919283594451098,0.06781416420568624,6.06536588060392e+22,0.010153448126015254,3.0495776002071074e-08
301,14.870460192836514,0.06759224956834814,5.986359708386478e+22,0.010021191459717499,3.009854447834241e-08
302,14.866648699940162,0.06757492537060887,5.980224590491842e+22,0.01001092124642511,3.0067697999375755e-08
303,14.865339051908148,0.06756897268943818,5.978117622214452e+22,0.01000739417262136,3.005710446983515e-08
304,14.844919614442505,0.06747616117842657,5.9453386855108156e+22,0.009952522094003545,2.989229675155771e-08
305,14.841334079068105,0.06745986401097653,5.939596835996176e+22,0.009942910213641848,2.986342756871154e-08
306,14.829893034145234,0.06740786155724125,5.9213030372841835e+22,0.00991228631725928,2.977144901395825e-08
307,14.824327969108207,0.06738256692191467,5.912420000696573e+22,0.009897416076457779,2.972678640013964e-08
308,14.818896425649196,0.06735787917489362,5.903759734545434e+22,0.00988291875430871,2.968324384362083e-08
309,14.818606425548792,0.06735656105061616,5.903297614698805e+22,0.009882145163731799,2.9680920372356882e-08
310,14.811409425293276,0.06732384885132867,5.89183776696e+22,0.009862961330169496,2.9623301927478234e-08
311,14.809312219678645,0.067314316517243,5.888501509338505e+22,0.009857376420806781,2.9606527710207076e-08
312,14.796673772709973,0.0672568715505304,5.868426116603236e+22,0.009823770128497398,2.9505591560260022e-08
313,14.793907889236491,0.06724429990344974,5.864039536390709e+22,0.009816426974676962,2.9483536474019618e-08
314,14.787845988254302,0.0672167470135676,5.854434206004098e+22,0.00980034761100237,2.9435242272208526e-08
315,14.78014379418821,0.06718173857008901,5.842246791293085e+22,0.009779945827252732,2.9373965726590736e-08
316,14.77521713408934,0.06715934563766211,5.834461172607363e+22,0.009766912668658425,2.9334820770103185e-08
317,14.770274727165706,0.06713688113090051,5.826658490597827e+22,0.009753850945987916,2.9295590021709406e-08
318,14.767245331575753,0.06712311175068432,5.821879790098417e+22,0.009745851381149515,2.9271563411793424e-08
319,14.764737793822649,0.06711171434795192,5.817926514850913e+22,0.009739233581672363,2.9251686919790204e-08
320,14.76399618253139,0.06710834353422504,5.816757708525581e+22,0.009737276994942522,2.9245810331866445e-08
321,14.742777225199621,0.06701189791584754,5.783390399389387e+22,0.00968141997838521,2.9078044362716387e-08
322,14.730297075493707,0.06695517241723409,5.763832240321205e+22,0.00964867953742118,2.897970878829317e-08
323,14.728987011889284,0.06694921783997024,5.761782066216838e+22,0.009645247537303173,2.8969400811580345e-08
324,14.717160137990977,0.06689546164199013,5.743298435753861e+22,0.009614305861766925,2.887646781043914e-08
325,14.713822526713198,0.06688029133526938,5.7380903051315535e+22,0.009605587429087339,2.885028208842766e-08
326,14.710012068159234,0.06686297181480588,5.732148657581562e+22,0.0095956410859698,2.8820408350167742e-08
327,14.690889669418302,0.0667760555539616,5.7024007550447825e+22,0.009545842971361275,2.8670840230098662e-08
328,14.69056005885197,0.06677455738833972,5.701889011175438e+22,0.009544986309960549,2.866826725647808e-08
329,14.678887621635349,0.06672150312714194,5.683788917446239e+22,0.00951468667653808,2.857726262215795e-08
330,14.672516372788799,0.06669254414275443,5.673927414371439e+22,0.009498178478700468,2.8527680421391708e-08
331,14.671531725585053,0.06668806866477464,5.672404510040527e+22,0.009495629130412304,2.8520023480283405e-08
332,14.645454807239846,0.06656954226550928,5.632184098740335e+22,0.009428299991860347,2.8317801111861386e-08
333,14.643687253500625,0.06656150827150552,5.629465628914066e+22,0.009423749261878596,2.8304133041620912e-08
334,14.63586378742693,0.06652594857068794,5.617445076699071e+22,0.009403626806652719,2.8243695456323387e-08
335,14.626960628142147,0.06648548137871438,5.603789033975267e+22,0.009380766533400912,2.8175034863017455e-08
336,14.62058171662407,0.06645648755238302,5.594020110544541e+22,0.009364413314278867,2.812591813921395e-08
337,14.59518225142213,0.06634104030370173,5.555248964364929e+22,0.009299510251665661,2.7930982464678967e-08
338,14.591838915091646,0.06632584395898819,5.550160562373945e+22,0.009290992245221072,2.7905398720782864e-08
339,14.591264485311338,0.06632323302420924,5.549286659045297e+22,0.00928952932735441,2.790100486216287e-08
340,14.585773093672021,0.06629827320094994,5.540937590101677e+22,0.009275552950646344,2.7859026959866044e-08
341,14.578521510506285,0.06626531284117122,5.529926778575199e+22,0.009257120805601815,2.7803666203644185e-08
342,14.578112577467444,0.06626345413249715,5.529306343408706e+22,0.00925608219451016,2.780054674601646e-08
343,14.57520868196154,0.06625025516022107,5.5249020407740755e+22,0.0092487093732802,2.777840255401965e-08
344,14.560467641629646,0.0661832532322766,5.502585050695411e+22,0.009211350637541417,2.7666195979201835e-08
345,14.538978333377706,0.06608557862621875,5.470172819575882e+22,0.009157092425621679,2.750323200317701e-08
346,14.538851599619457,0.06608500258761785,5.469982093356104e+22,0.009156773149123458,2.750227305953032e-08
347,14.524966075632149,0.06602188918830816,5.4491154556631235e+22,0.009121842309409805,2.739735864521008e-08
348,14.5098741532532,0.06595329237896798,5.426503655038512e+22,0.009083990059570767,2.728366980591734e-08
349,14.493710856678153,0.0658798258785719,5.402364765070588e+22,0.009043581455715117,2.7162302983883656e-08
350,14.485263112514879,0.06584142862080132,5.389780669873606e+22,0.009022515627154965,2.7099031986573648e-08
351,14.484807650104473,0.06583935842218948,5.389102820176318e+22,0.009021380903896033,2.7095623857049647e-08
352,14.476196742581227,0.06580021954029384,5.376299517060854e+22,0.008999948120353622,2.7031250714261277e-08
353,14.47222728948389,0.06578217731142819,5.370405143245597e+22,0.008990080913667882,2.700161466145243e-08
354,14.440507296811044,0.06563800141615064,5.323477001889514e+22,0.008911523006644826,2.6765666803539178e-08
355,14.425253982800841,0.06556867098902015,5.301020316159483e+22,0.00887393041979508,2.665275785933815e-08
356,14.421303554230333,0.0655507152239866,5.295215900585788e+22,0.00886421380358602,2.662357410346212e-08
357,14.401188546154438,0.06545928706907954,5.265734553345559e+22,0.008814861903670809,2.6475346184590428e-08
358,14.390116283173933,0.06540896063102969,5.249559234833287e+22,0.008787784352098638,2.6394019039646076e-08
359,14.38509299518344,0.0653861284232508,5.242233082952935e+22,0.008775520342878958,2.6357184215317537e-08
360,14.375583857813323,0.06534290680946266,5.228385599895203e+22,0.008752339597698824,2.6287561087903e-08
361,14.358491679555435,0.06526521820522416,5.203564464597837e+22,0.008710788912277435,2.6162764035747227e-08
362,14.35564498754587,0.06525227921383096,5.199439120500888e+22,0.008703883068818875,2.6142022406637212e-08
363,14.32201285480802,0.0650994119767636,5.150885851638355e+22,0.008622604691479647,2.5897903644381648e-08
364,14.313261206192932,0.06505963333441103,5.138307422418015e+22,0.008601548347788347,2.583466113477674e-08
365,14.310749966220696,0.06504821905970845,5.134702365120334e+22,0.008595513466631323,2.5816535431894367e-08
366,14.287053725313513,0.06494051313134769,5.100778112252971e+22,0.008538724123913502,2.5645969230803508e-08
367,14.28659482349731,0.0649384272962449,5.100122798342533e+22,0.008537627125657029,2.564267440793261e-08
368,14.281735833921777,0.06491634185032606,5.0931880119256566e+22,0.00852601826387774,2.5607807312137525e-08
369,14.274877088089385,0.06488516695992147,5.083411198072627e+22,0.008509651836155402,2.5558650916440215e-08
370,14.239849852528291,0.06472595849160198,5.033700858468062e+22,0.008426436517502392,2.5308714571064008e-08
371,14.233361373871915,0.06469646655743526,5.024532642277279e+22,0.008411088884839555,2.5262618115747638e-08
372,14.19606978382018,0.06452696591258918,4.972082244558851e+22,0.008323286697320093,2.4998905157366063e-08
373,14.193039453376116,0.06451319221593424,4.967838219396614e+22,0.008316182181256508,2.4977566817150082e-08
374,14.157346981122801,0.06435095995367397,4.918054543991965e+22,0.008232844098164122,2.472726175005513e-08
375,14.151822258940667,0.06432584854301043,4.910382262031704e+22,0.008220000665727378,2.46886866341115e-08
376,14.146891986267965,0.06430343907101464,4.903543085846428e+22,0.008208551855879988,2.465430025263172e-08
377,14.13303221508772,0.06424044251921546,4.884355354428802e+22,0.008176431512369008,2.4557827134468967e-08
378,14.125556312966454,0.06420646244192407,4.874028981775391e+22,0.008159145120891522,2.450590763718697e-08
379,14.104660120539995,0.06411148336064385,4.84525216170822e+22,0.008110972602442462,2.436122197830089e-08
380,14.10199615471062,0.06409937488432696,4.841592707881885e+22,0.008104846661266504,2.4342822777597317e-08
381,14.088769547031177,0.06403925621676283,4.823454181743962e+22,0.008074482691829355,2.425162491072523e-08
382,14.081990624290619,0.06400844409581762,4.814177573103338e+22,0.008058953609747246,2.4204983473962443e-08
383,14.061270862098418,0.06391426690666606,4.785906575931783e+22,0.00801162784096386,2.4062841018903642e-08
384,14.060124405042608,0.0639090559340944,4.784345941261033e+22,0.0080090153319273,2.405499437514346e-08
385,14.045956742564105,0.06384465988477346,4.765091448781008e+22,0.007976783230115624,2.3958185592085193e-08
386,14.033859830826792,0.06378967597984758,4.748697246550162e+22,0.007949339266273212,2.3875757931692385e-08
387,14.028212205611393,0.06376400591490372,4.741057868525466e+22,0.007936550915163708,2.3837348251943097e-08
388,14.004607313700433,0.0636567149464134,4.709227944756875e+22,0.007883267488211197,2.3677312032444116e-08
389,13.981230631644928,0.06355046123697022,4.677863970758646e+22,0.007830764063144117,2.351961854050764e-08
390,13.980507378725944,0.06354717384517204,4.676896103792483e+22,0.007829143849751015,2.3514752246407515e-08
391,13.980195758802015,0.06354575744330296,4.676479136039714e+22,0.00782844584397011,2.3512655793293418e-08
392,13.978064200614774,0.06353606890031233,4.673627719929326e+22,0.0078236725613467,2.349831928850495e-08
393,13.973512085772793,0.06351537823290443,4.667542656251096e+22,0.007813486139024184,2.3467724474846128e-08
394,13.97318807515388,0.06351390551169357,4.667109759978219e+22,0.007812761468833281,2.346554793545351e-08
395,13.960597193027093,0.06345667633759594,4.650310945893602e+22,0.007784640183037122,2.338108594560667e-08
396,13.955803572080727,0.0634348879526525,4.6439272087717415e+22,0.0077739537801073,2.334898944538615e-08
397,13.948440182217873,0.06340141922779523,4.634134076395113e+22,0.007757560035107469,2.329975100252958e-08
398,13.948049774422126,0.06339964471201631,4.6336152761149795e+22,0.00775669156124525,2.329714255030358e-08
399,13.93907165117609,0.06335883655673019,4.621696553508615e+22,0.0077367395692147164,2.3237216949442994e-08
400,13.938829681709782,0.06335773673579392,4.621375650458563e+22,0.007736202376152282,2.3235603495658766e-08
401,13.935455993450395,0.06334240235046988,4.616903161808329e+22,0.007728715411243938,2.321311647430932e-08
402,13.929818196682433,0.06331677693862398,4.609436397304747e+22,0.0077162160158985174,2.3175574670196623e-08
403,13.918525409210218,0.06326544796011518,4.594507339377743e+22,0.007691224709814767,2.31005135419109e-08
404,13.918513136691754,0.06326539217797406,4.594491134869151e+22,0.007691197583398879,2.3100432068002492e-08
405,13.913652920443653,0.06324330109091321,4.5880771237364636e+22,0.007680460501646946,2.306818335446606e-08
406,13.90146344566485,0.06318789640255411,4.57202025654861e+22,0.007653581238092616,2.2987451765524053e-08
407,13.901343923946339,0.0631873531417487,4.571863022757698e+22,0.00765331802806191,2.2986661216930283e-08
408,13.900417644249414,0.0631831429324033,4.570644616295355e+22,0.007651278410493023,2.2980535246743735e-08
409,13.883343338121197,0.06310553526321586,4.548229063749928e+22,0.007613754680768198,2.2867833114202322e-08
410,13.861650145372925,0.0630069334009283,4.519868767100345e+22,0.007566279424281071,2.272524167437778e-08
411,13.845006556640996,0.06293128344435481,4.49820007597563e+22,0.007530005943731941,2.2616294652251626e-08
412,13.825971675187679,0.06284476435413783,4.4735137123332e+22,0.007488680866630672,2.249217521234238e-08
413,13.818432435947107,0.06281049630845224,4.463764209325098e+22,0.007472360157378201,2.2443156131594524e-08
414,13.815865589985842,0.0627988292429427,4.460448485493139e+22,0.007466809621665979,2.2426485155225644e-08
415,13.810772839294566,0.06277568120110569,4.453875392187179e+22,0.007455806235683453,2.2393436599698222e-08
416,13.806718246588796,0.06275725189038618,4.448647421389766e+22,0.007447054590466864,2.236715112417677e-08
417,13.785223156142376,0.06265955040256128,4.42100859628551e+22,0.007400787080396699,2.222818713817303e-08
418,13.749163958629717,0.062495650742010175,4.374932428986978e+22,0.007323655381547781,2.1996522881699506e-08
419,13.741764727418765,0.062462019053847094,4.365522459883431e+22,0.007307903053486945,2.1949210927958043e-08
420,13.729173694940206,0.06240478909328649,4.3495447228113266e+22,0.00728115625408091,2.1868877193709787e-08
421,13.726650732085707,0.06239332148145631,4.34634842169441e+22,0.007275805632498539,2.185280665735379e-08
422,13.720060235645086,0.06236336572628296,4.3380073385988024e+22,0.007261842624133807,2.181086890673734e-08
423,13.719351252358521,0.06236014318750494,4.337110748896324e+22,0.0072603417291814435,2.1806360984334836e-08
424,13.712235612595896,0.062327800498777626,4.328119911279993e+22,0.007245291029002124,2.176115636264904e-08
425,13.705486992565373,0.06229712602173727,4.319605737215659e+22,0.007231038265623987,2.1718348335858954e-08
426,13.702122507956108,0.06228183344200846,4.31536574147143e+22,0.007223940494823181,2.169703025496968e-08
427,13.691999197896864,0.06223581999503875,4.302626952449509e+22,0.007202615708146099,2.1632981479644777e-08
428,13.678343604520261,0.06217375126704408,4.285487978598038e+22,0.007173924993462171,2.1546809216047095e-08
429,13.677430062149018,0.06216959894538912,4.2843432326018745e+22,0.007172008683825075,2.1541053599953113e-08
430,13.64870826429166,0.06203904982105953,4.248469188177412e+22,0.007111955381797749,2.1360684130972652e-08
431,13.647684026967195,0.06203439435688817,4.2471940717927345e+22,0.007109820831579129,2.1354273031558507e-08
432,13.638442919436184,0.06199239076489403,4.23570239926747e+22,0.007090583723189749,2.129649457629e-08
433,13.630507476542771,0.0619563218060524,4.225852994907547e+22,0.007074095778651987,2.1246973206099527e-08
434,13.617345396312924,0.061896496214187136,4.209554218526169e+22,0.007046811558085005,2.1165025332975533e-08
435,13.614258536543185,0.06188246551229233,4.205738554803369e+22,0.007040424120881974,2.11458407316703e-08
436,13.61346910342745,0.06187887730236367,4.204763154114976e+22,0.007038791296006009,2.1140936559112363e-08
437,13.611107115454722,0.06186814135953763,4.201845763404542e+22,0.007033907571623208,2.112626834364651e-08
438,13.6079417437714,0.06185375379680936,4.197938460463039e+22,0.007027366729980655,2.1106622993700296e-08
439,13.604567057165951,0.06183841483466708,4.193775783241168e+22,0.007020398390713147,2.1085693659077126e-08
440,13.602373434068442,0.06182844415996913,4.191071608998174e+22,0.007015871591598234,2.1072097464946678e-08
441,13.59775011193554,0.06180742977411479,4.185376522295597e+22,0.007006337992381624,2.1043463398706823e-08
442,13.587622919286126,0.06176139864333761,4.172921956942489e+22,0.006985488997327717,2.0980843658580985e-08
443,13.566475062025797,0.06166527527224722,4.147003666499505e+22,0.0069421016695542384,2.0850530270194403e-08
444,13.55710917496853,0.06162270449409628,4.135563725041022e+22,0.0069229511591893484,2.0793011911193122e-08
445,13.553061884516817,0.06160430833882602,4.130627502133025e+22,0.006914687901173031,2.0768193301555746e-08
446,13.522137495835773,0.061463747650973316,4.093056713428083e+22,0.006851794242047042,2.0579292849526793e-08
447,13.497754719329048,0.0613529205437328,4.063614665226121e+22,0.006802508128888029,2.0431262520494146e-08
448,13.486784903809424,0.06130305940180813,4.050420615061894e+22,0.006780421233134069,2.0364924758471404e-08
449,13.45705747357712,0.06116793918601745,4.014827154913684e+22,0.006720837630371385,2.0185966026354423e-08
450,13.426053840300256,0.0610270182076389,3.977956103120993e+22,0.006659115333794706,2.0000583749577625e-08
451,13.418811140791863,0.060994097922632655,3.96937944765937e+22,0.00664475797629336,1.9957461575424705e-08
452,13.414578015300105,0.060974857071436836,3.964373093802637e+22,0.006636377318772373,1.9932290357594258e-08
453,13.412385148840062,0.06096488982186633,3.961781538191795e+22,0.006632039043723788,1.991926039353918e-08
454,13.401134166245091,0.06091375065813761,3.948504970838643e+22,0.006609814013846719,1.985250774711222e-08
455,13.387114424756097,0.06085002663089193,3.932007896983391e+22,0.0065821978424701515,1.9769562863178967e-08
456,13.37661527855487,0.060802304785325556,3.919687411960929e+22,0.006561573298456583,1.9707617259421843e-08
457,13.370309189392234,0.060773641670655444,3.912301305789693e+22,0.0065492089255005,1.9670480993653306e-08
458,13.34794225115922,0.060671977046916174,3.886187821597454e+22,0.006505494842565568,1.953918619953268e-08
459,13.34113267214417,0.06064102540953874,3.878263633874824e+22,0.006492229718817665,1.9499344538115282e-08
460,13.339504913676699,0.06063362674491546,3.876371235865392e+22,0.006489061836549591,1.9489829836621846e-08
461,13.310288208527567,0.060500827787856114,3.842522129030456e+22,0.00643239828860774,1.9319641458834225e-08
462,13.302485725983884,0.060465363087885415,3.8335201658847304e+22,0.006417328964245179,1.9274380899607478e-08
463,13.28308500695277,0.06037718080193528,3.811205520311503e+22,0.0063799741532184085,1.916218611262144e-08
464,13.277531717171545,0.060351939375036336,3.804836116128939e+22,0.006369311743689562,1.913016167633157e-08
465,13.27700806656851,0.06034955922034874,3.804235921730117e+22,0.006368307015728558,1.912714398633488e-08
466,13.27165011188786,0.06032520565111144,3.798098855954826e+22,0.00635803354167572,1.9096287713708075e-08
467,13.27162343010411,0.06032508437410947,3.7980683129114795e+22,0.0063579824124920335,1.9096134147735854e-08
468,13.265822434023132,0.06029871704295752,3.791432197034785e+22,0.006346873526459665,1.9062768723904356e-08
469,13.261822585391172,0.06028053648643691,3.786861592254833e+22,0.0063392223147353795,1.9039788388948942e-08
470,13.257837581532671,0.06026242340351448,3.782312061175995e+22,0.006331606380475849,1.9016914009492562e-08
471,13.255684218083212,0.060252635696159434,3.779855352736439e+22,0.006327493840162075,1.9004562037369224e-08
472,13.238819700739,0.060175981208655464,3.760656490050338e+22,0.006295354862860609,1.890803295281026e-08
473,13.238027521349263,0.0601723805062039,3.7597564612780896e+22,0.006293848210890912,1.890350773926598e-08
474,13.236774757998726,0.060166686305927114,3.7583334731935583e+22,0.006291466122821595,1.8896353162487974e-08
475,13.228707092085065,0.06013001624611112,3.7491792517187823e+22,0.006276141917372519,1.885032707056484e-08
476,13.2175634568496,0.060079364942142444,3.736562302922387e+22,0.006255021091748058,1.878689089014333e-08
477,13.216688860227128,0.06007538962705664,3.7355734243564417e+22,0.006253365704848092,1.8781918952780613e-08
478,13.209209564441068,0.060041393888352425,3.727124836838533e+22,0.006239222733625943,1.8739440685590838e-08
479,13.198934506016853,0.05999469053107186,3.7155415423102174e+22,0.006219832249616114,1.868120156823913e-08
480,13.198494873546037,0.05999269226378358,3.715046538239329e+22,0.0062190036107087725,1.8678712759886418e-08
481,13.197568827956829,0.05998848309649011,3.7140040192576216e+22,0.006217258429526051,1.8673471126327965e-08
482,13.180761376748714,0.05991208796091107,3.6951207124873813e+22,0.0061856476941617765,1.8578528610941524e-08
483,13.17837186301168,0.059901226871028675,3.69244193256147e+22,0.006181163405241016,1.8565060095737736e-08
484,13.173112021416589,0.059877319239536535,3.68655048468333e+22,0.00617130109658638,1.8535438754114446e-08
485,13.16091480417004,0.05982187905416255,3.6729157461359423e+22,0.006148476486615959,1.8466885275103787e-08
486,13.160565713776286,0.05982029232855094,3.6725260707369813e+22,0.00614782416835071,1.8464926043968494e-08
487,13.140906626210299,0.05973093558745968,3.6506314238728495e+22,0.0061111724369385485,1.8354842949303388e-08
488,13.137476691819025,0.05971534545474694,3.646821503240638e+22,0.006104794613693441,1.8335687223420943e-08
489,13.132822450695368,0.059694190461510734,3.641656410413267e+22,0.006096148226464524,1.8309717889172352e-08
490,13.13197024430258,0.05969031691470823,3.640711260045668e+22,0.0060945660407534545,1.8304965810820287e-08
491,13.115434543031542,0.05961515693325339,3.6224085206434434e+22,0.0060639271776176396,1.8212942303579044e-08
492,13.104844823566651,0.05956702331128663,3.6107234676340886e+22,0.0060443663494803585,1.8154191559409572e-08
493,13.100919190445973,0.05954918006711065,3.6063989823559426e+22,0.006037127142842588,1.8132448677452802e-08
494,13.09993651200543,0.059544713482709684,3.6053170699907627e+22,0.006035316016969394,1.812700897970136e-08
495,13.094916205564937,0.05952189460119321,3.599793595406835e+22,0.00602606969716491,1.8099237754192404e-08
496,13.09087476983838,0.059503524996269624,3.59535171340825e+22,0.00601863396792082,1.807690461862845e-08
497,13.055745056067012,0.059343849303164976,3.5569141085739703e+22,0.005954289254929776,1.7883645941385124e-08
498,13.054696476866228,0.05933908317746503,3.55577155078111e+22,0.005952376608354261,1.7877901327258562e-08
499,13.05022028044974,0.05931873744185443,3.5508972718389685e+22,0.0059442170447986595,1.785339416285707e-08
500,13.047394710020201,0.059305894325733174,3.5478229955227035e+22,0.00593907069324845,1.783793714942131e-08
501,13.036038974026813,0.05925427889204287,3.5354878589094242e+22,0.005918421622409912,1.7775917879600107e-08
502,13.033151026156373,0.059241152249329854,3.5323559704716066e+22,0.005913178827924663,1.7760171200810524e-08
503,13.019337208066162,0.05917836404360894,3.5174040903139056e+22,0.0058881493173302425,1.7684995325673763e-08
504,13.016650641211909,0.05916615274034723,3.514501710962312e+22,0.005883290722025602,1.7670402585133197e-08
505,13.01335844156779,0.059151188642575125,3.510947497793745e+22,0.0058773409541556625,1.7652532519124675e-08
506,13.006734286129078,0.05912107974161734,3.503804320798788e+22,0.005865383245667676,1.761661766586282e-08
507,12.996131192059126,0.05907288529162017,3.4923931376937823e+22,0.005846280876908086,1.75592438996731e-08
508,12.968932950060385,0.05894926057651715,3.4632494909654726e+22,0.005797494289077485,1.7412713889776728e-08
509,12.959530776861136,0.058906524684674895,3.453217362876426e+22,0.00578070046424469,1.7362273811296714e-08
510,12.946246167741899,0.058846141872072065,3.4390798444852972e+22,0.0057570341986903,1.7291192428480266e-08
511,12.935282391614258,0.058796307986259747,3.4274448966163112e+22,0.00573755724676982,1.7232693605656897e-08
512,12.929124713528223,0.058768319358904586,3.420923223344658e+22,0.005726639938142107,1.7199903582570733e-08
513,12.928242683882225,0.05876431025038632,3.419989817414703e+22,0.005725077412669304,1.7195210553540127e-08
514,12.927666358413308,0.05876169066569479,3.419380025444243e+22,0.005724056618332803,1.7192144608351483e-08
515,12.92178321830826,0.058734949900405196,3.4131599224995358e+22,0.005713644139707315,1.7160870836934295e-08
516,12.919337829688969,0.05872383482175888,3.4105769700783997e+22,0.005709320266434667,1.714788412846369e-08
517,12.91760016857649,0.058715936592394845,3.4087424491091447e+22,0.00570624927057653,1.7138660424296326e-08
518,12.916505594048443,0.058710961398613204,3.4075872413244923e+22,0.0057043154478612764,1.7132852207853972e-08
519,12.91150807505676,0.058688246064676236,3.402316618175728e+22,0.005695492402428208,1.7106352282523824e-08
520,12.90224103037994,0.058646124358897184,3.3925593318651886e+22,0.005679158663894552,1.7057294068465243e-08
521,12.898152045892461,0.05862753860526247,3.3882607130788145e+22,0.005671962757873361,1.7035681239460686e-08
522,12.88648927306462,0.0585745275374398,3.3760224526878986e+22,0.005651475858240613,1.6974149049171905e-08
523,12.885558823548328,0.05857029834381364,3.3750475211414696e+22,0.005649843818710278,1.6969247235391416e-08
524,12.874841740800072,0.058521585738741375,3.3638333027125268e+22,0.005631071169651103,1.691286377889773e-08
525,12.869729105376083,0.05849834715699342,3.358493363191564e+22,0.005622132088317933,1.6886015340946664e-08
526,12.86455985548933,0.058474851243388054,3.3531007583545836e+22,0.005613104845023102,1.6858902109459322e-08
527,12.864012005370958,0.05847236108725726,3.3525296173554847e+22,0.00561214875257606,1.6856030495723735e-08
528,12.861716029430621,0.05846192513328593,3.3501368256372543e+22,0.005608143209123998,1.6843999887563373e-08
529,12.859625470248965,0.05845242286484666,3.3479592268943508e+22,0.005604497899622381,1.6833051238332114e-08
530,12.85494671567579,0.05843115640976846,3.343089520980529e+22,0.00559634599133552,1.6808567066450783e-08
531,12.84949720269011,0.05840638660720043,3.337424299384358e+22,0.005586862386433292,1.678008315761498e-08
532,12.831470433827526,0.05832444909426699,3.3187352667754536e+22,0.005555576866836406,1.668611742440849e-08
533,12.82819078333196,0.058309542017681064,3.315343586495511e+22,0.005549899179709146,1.6669064550085026e-08
534,12.826810870820802,0.05830326986708652,3.313917314753426e+22,0.0055475115947832025,1.6661893463555228e-08
535,12.815548543620018,0.05825207892950498,3.3022938188945123e+22,0.005528053813575998,1.6603452219770088e-08
536,12.803439475903488,0.05819703927678926,3.2898305684280766e+22,0.005507190279605664,1.6540788812159748e-08
537,12.797689222926666,0.058170902504489426,3.2839244938128757e+22,0.005497303485731351,1.6511093929433442e-08
538,12.78859981626215,0.058129588189276354,3.274605004363973e+22,0.005481702620994901,1.646423689421381e-08
539,12.77876599253186,0.058084890253114106,3.2645446083144208e+22,0.005464861475476714,1.6413654688546653e-08
540,12.775807831464926,0.05807144444568889,3.26152283141181e+22,0.005459803008166907,1.639846163451426e-08
541,12.768912204022246,0.05804010156759799,3.254487056844284e+22,0.0054480250917964945,1.636308678501038e-08
542,12.768115953563653,0.05803648234920257,3.253675357080163e+22,0.0054466663029598215,1.6359005676850568e-08
543,12.763569417944211,0.058015816859516074,3.249043515205467e+22,0.005438912580080049,1.6335717450704237e-08
544,12.752597784907381,0.05796594720051279,3.237886389075015e+22,0.005420235503769909,1.6279621045969748e-08
545,12.75111416048027,0.057959203642187276,3.236379890105223e+22,0.005417713618125617,1.627204658862711e-08
546,12.749874727039403,0.057953570011720294,3.235121750142955e+22,0.005415607486509879,1.6265720844191597e-08
547,12.74853566100783,0.05794748351848221,3.2337628861322903e+22,0.005413332742411306,1.625888867391494e-08
548,12.74520311402226,0.057932336001834527,3.2303829260754563e+22,0.005407674674987078,1.624189472716578e-08
549,12.743713614659827,0.05792556573967608,3.2288730922648125e+22,0.005405147206805101,1.6234303502729184e-08
550,12.73150055238202,0.05787005337143126,3.216513250825861e+22,0.005384456779983946,1.617216002064367e-08
551,12.724345568998421,0.0578375316263818,3.209288780965322e+22,0.005372362986895302,1.6135836438696992e-08
552,12.717440033714217,0.05780614370326979,3.2023277291958895e+22,0.005360710156804794,1.6100837284535775e-08
553,12.716648793266213,0.05780254725578959,3.201530851348472e+22,0.005359376179919344,1.609683069881379e-08
554,12.716339936973645,0.057801143402584215,3.2012198348888067e+22,0.005358855537051014,1.609526695336568e-08
555,12.7155392085953,0.0577975038293208,3.200413611676704e+22,0.005357505915985572,1.6091213380511555e-08
556,12.712438853597456,0.05778341169819774,3.197293417362374e+22,0.005352282697512479,1.6075525498071184e-08
557,12.707598539454029,0.057761410881062784,3.1924266918667004e+22,0.005344135778458198,1.6051056311298095e-08
558,12.700533264425731,0.057729296884871634,3.185332841147031e+22,0.005332260642363575,1.601538946336218e-08
559,12.677157409122065,0.05762304593216633,3.1619466801802614e+22,0.005293112110038086,1.589780725308339e-08
560,12.675929026578439,0.0576174625289355,3.160721328019691e+22,0.005291060865341004,1.5891646360938054e-08
561,12.669453207145674,0.05758802779605176,3.154267370953918e+22,0.005280256913928211,1.5859196805069677e-08
562,12.668745311430888,0.05758481017672527,3.1535624648540792e+22,0.005279076898137026,1.585565263989542e-08
563,12.668597002338966,0.057584136063022054,3.153414797077849e+22,0.0052788297016553385,1.5854910187829824e-08
564,12.660169191192523,0.05754582888261311,3.1450319462847478e+22,0.005264796773988425,1.5812762435315385e-08
565,12.655348286816642,0.057523916281772,3.1402442812622683e+22,0.005256782202500506,1.5788690753083425e-08
566,12.652735315670865,0.05751203946558875,3.137651611513988e+22,0.005252442062381139,1.5775655187307626e-08
567,12.652453217727126,0.05751075723732519,3.137371801370175e+22,0.005251973659017473,1.5774248342669262e-08
568,12.648810078857956,0.05749419796849926,3.1337598893930607e+22,0.005245927303098098,1.5756088175457337e-08
569,12.645970522710936,0.057481291248151066,3.1309468356781013e+22,0.005241218239286816,1.5741944551204177e-08
570,12.640833806074426,0.05745794317422062,3.1258628738141584e+22,0.005232707665633666,1.5716383131619966e-08
571,12.637176903593716,0.057441321343983276,3.1222473028699364e+22,0.005226655184587884,1.5698204567654487e-08
572,12.627044100189888,0.05739526440196332,3.1122454088349854e+22,0.005209911971689463,1.5647916501593756e-08
573,12.618479507222352,0.057356335492572554,3.1038102208667793e+22,0.0051957914313701635,1.5605505605387744e-08
574,12.607764479463778,0.05730763214236302,3.0932812480318018e+22,0.005178165886332223,1.5552567463909064e-08
575,12.605159307336775,0.05729579077164824,3.090725365324573e+22,0.005173887327875097,1.5539716858016276e-08
576,12.604900619400754,0.057294614949234664,3.090471658195709e+22,0.0051734626210688086,1.5538441255534205e-08
577,12.595805973645286,0.05725327676853168,3.0815620447018974e+22,0.0051585478904139686,1.549364501690313e-08
578,12.591580500657237,0.057234070591829424,3.0774291005709287e+22,0.005151629324466331,1.547286517592929e-08
579,12.582134523752723,0.05719113549082653,3.068205005766692e+22,0.005136188150768341,1.5426487771085275e-08
580,12.577685446964601,0.05717091295887213,3.063867626551134e+22,0.0051289273596248335,1.5404680060289676e-08
581,12.563974741533752,0.05710859324445861,3.050530057265051e+22,0.005106600212254147,1.5337620705031126e-08
582,12.563574330782863,0.057106773244393894,3.0501411992722267e+22,0.005105949262330226,1.5335665583694803e-08
583,12.560390519383747,0.05709230176228187,3.0470505709162465e+22,0.005100775537396404,1.532012635458564e-08
584,12.558722662518077,0.05708472079778808,3.045432466275621e+22,0.005098066823387312,1.5311990760189556e-08
585,12.55506378067971,0.05706808996192488,3.041884986700823e+22,0.005092128327581809,1.5294154549709507e-08
586,12.552448475547559,0.057056202529321476,3.039351209966648e+22,0.00508788677461703,1.5281415089428676e-08
587,12.550902543942927,0.057049175755359983,3.0378542151390116e+22,0.005085380798946885,1.5273888417528165e-08
588,12.54630904664821,0.05702829678004248,3.033409388515731e+22,0.005077940140388605,1.525154047682024e-08
589,12.545148663540752,0.057023022452193754,3.032287333865488e+22,0.0050760618161605105,1.5245898949507715e-08
590,12.540945030097925,0.05700391553727023,3.0282251562676468e+22,0.0050692617136885,1.522547491235267e-08
591,12.535604277809913,0.0569796400374939,3.023070013222002e+22,0.005060631982436257,1.519955560415704e-08
592,12.534171915454477,0.056973129472892764,3.021688550352169e+22,0.005058319407751896,1.519260981010885e-08
593,12.528117575147954,0.05694561047640886,3.015854582511317e+22,0.005048553320922682,1.516327746973894e-08
594,12.516240616032785,0.05689162573187314,3.0044344790032946e+22,0.005029436019370729,1.510585885306244e-08
595,12.509060037873015,0.05685898760478248,2.997545857327595e+22,0.0050179044375633355,1.5071223866860382e-08
596,12.49977719422014,0.05681679397635985,2.9886580101494985e+22,0.005003026143813022,1.502653706609365e-08
597,12.495769315434082,0.056798576826345294,2.9848267866267286e+22,0.00499661265943906,1.5007274232381035e-08
598,12.488264463489555,0.056764464762085874,2.97766263381036e+22,0.004984619837337353,1.4971253915745028e-08
599,12.484905655050868,0.05674919785288095,2.9744604867396637e+22,0.004979259429603641,1.4955153986785108e-08
600,12.482472299418204,0.05673813743640718,2.972142241353398e+22,0.004975378677026439,1.494349818672143e-08
601,12.479778945656612,0.05672589524114518,2.969577877384379e+22,0.00497108592090122,1.4930604938279965e-08
602,12.473710446993396,0.05669831188069046,2.9638060922555853e+22,0.004961423928194875,1.4901585243527068e-08
603,12.471104862060388,0.056686468623509595,2.9613304884671235e+22,0.00495727975698715,1.4889138268342234e-08
604,12.461457016435247,0.05664261592849783,2.952177431694858e+22,0.004941957501255,1.484311803237364e-08
605,12.460657332521032,0.05663898109671125,2.951419712919649e+22,0.004940689076821975,1.4839308332761746e-08
606,12.458890497524948,0.05663095023858948,2.949746113546235e+22,0.004937887464395587,1.4830893718934071e-08
607,12.457924513938279,0.05662655951890346,2.9488314057731277e+22,0.004936356239716395,1.4826294701512016e-08
608,12.45783890854617,0.05662617041365697,2.9487503547026305e+22,0.004936220559881733,1.4825887188537653e-08
609,12.45418135528817,0.056609545605993065,2.9452889486047117e+22,0.004930426151440408,1.4808483742959555e-08
610,12.450065921928367,0.05659083957906547,2.94139786205728e+22,0.004923912456110086,1.4788919926680208e-08
611,12.449860237899035,0.05658990467605352,2.941203491805447e+22,0.0049235870794868,1.4787942661371233e-08
612,12.448513134324397,0.05658378163772348,2.9399307246347068e+22,0.004921456461862242,1.4781543373462517e-08
613,12.445643194287408,0.05657073679587528,2.9372205322680626e+22,0.004916919588382896,1.4767916921083114e-08
614,12.444503398399945,0.05656555604049821,2.9361447001543408e+22,0.004915118640876348,1.4762507793950188e-08
615,12.442244397580598,0.0565552881224479,2.93401334468378e+22,0.004911550742808131,1.4751791649155221e-08
616,12.435207345036554,0.05652330235231113,2.9273813591906104e+22,0.004900448771055245,1.4718446992290341e-08
617,12.433970617909026,0.05651768101150086,2.926216983190823e+22,0.004898499600709095,1.471259267939798e-08
618,12.433377779185626,0.05651498636006589,2.9256589499519526e+22,0.00489756545070809,1.4709786969571187e-08
619,12.429276349698153,0.056496343983007374,2.9218005006608547e+22,0.004891106390282848,1.4690387248661861e-08
620,12.426775029915783,0.05648497464272393,2.919449240363683e+22,0.004887170370605216,1.4678565454435991e-08
621,12.42149326916382,0.0564609672618318,2.914489005885324e+22,0.004878866917118602,1.4653626118121011e-08
622,12.413593417676045,0.05642505977560012,2.9070818565868e+22,0.004866467317878477,1.461638405057418e-08
623,12.41292040199141,0.05642200069251294,2.906451469227092e+22,0.004865412046773307,1.4613214554768881e-08
624,12.395229623242798,0.05634159013684959,2.8899179458634426e+22,0.004837734858765588,1.4530086408017631e-08
625,12.386246044367017,0.056300756737733416,2.8815490906869232e+22,0.004823725359820001,1.4488009023424388e-08
626,12.37854713511911,0.05626576259400233,2.8743914731748574e+22,0.004811743477845325,1.4452021565346307e-08
627,12.362264543319037,0.05619175270742436,2.8592975999937454e+22,0.004786476270329426,1.4376131769974386e-08
628,12.34803305752281,0.05612706578520859,2.8461538443644893e+22,0.004764473567839633,1.4310046881546213e-08
629,12.344913261305866,0.056112885254170644,2.843278564376434e+22,0.004759660336984121,1.4295590392657493e-08
630,12.341782689822251,0.05609865574561928,2.8403955440064578e+22,0.004754834148696551,1.4281094986256149e-08
631,12.333020425486628,0.05605882828263846,2.8323378146728577e+22,0.004741345475727323,1.424058189707408e-08
632,12.33152919446914,0.05605205013172342,2.83096819594406e+22,0.004739052728185129,1.4233695653641476e-08
633,12.328786314525889,0.05603958281162219,2.828450299408029e+22,0.004734837758739177,1.4221036036683371e-08
634,12.324086487393302,0.05601822050199182,2.8241398783168932e+22,0.004727622095609919,1.4199363867409918e-08
635,12.306082898006249,0.05593638807135723,2.8076735513586437e+22,0.004700057394668919,1.411657357439537e-08
636,12.2999329725053,0.05590843456839161,2.80206528020644e+22,0.004690669125050655,1.4088376004094886e-08
637,12.299560502100839,0.05590674156369382,2.8017258851671954e+22,0.004690100976320137,1.4086669575283045e-08
638,12.290629725030612,0.05586614814261911,2.7935973890602215e+22,0.004676493839473108,1.404580068107426e-08
639,12.286547583699372,0.05584759342030877,2.789887855580113e+22,0.004670284064745017,1.4027149687167473e-08
640,12.266170669799106,0.05575497340140942,2.771426112495655e+22,0.004639379028772941,1.393432673257675e-08
641,12.264111978137944,0.05574561594548822,2.7695660213252276e+22,0.004636265228289941,1.3924974465163142e-08
642,12.257874043761193,0.0557172624049615,2.7639355724177758e+22,0.004626839833015634,1.3896665388340285e-08
643,12.255462936971442,0.05570630310148847,2.7617615749591255e+22,0.004623200552079082,1.3885734845841591e-08
644,12.252639444758845,0.055693469365282126,2.7592173767866316e+22,0.004618941553582498,1.3872942988087161e-08
645,12.247595782038207,0.055670544195475756,2.7546769978482512e+22,0.004611340940044786,1.3850114624259656e-08
646,12.245610300620651,0.05566151950406803,2.75289117643297e+22,0.004608351467445883,1.3841135774354775e-08
647,12.240250550396864,0.05563715760753009,2.7480747382048165e+22,0.004600288729490025,1.381691942463657e-08
648,12.239789577641751,0.055635062328777046,2.747660789117782e+22,0.004599595776968322,1.3814838148934005e-08
649,12.236844457162519,0.055621675749286795,2.7450172030635502e+22,0.004595170402737539,1.3801546583389731e-08
650,12.234959951871508,0.055613110028316856,2.7433266428576e+22,0.004592340397805781,1.3793046692967037e-08
651,12.233900355829409,0.05560829380192477,2.7423764388578295e+22,0.004590749752293091,1.3788269205688664e-08
652,12.220867974275446,0.05554905716816879,2.73070968922718e+22,0.004571219564089142,1.3729610488240755e-08
653,12.217784249913002,0.05553504058502716,2.7279545558318923e+22,0.004566607459137854,1.3715758078916661e-08
654,12.20456690777181,0.055474963236212385,2.7161692189353144e+22,0.004546878755349403,1.36565031219723e-08
655,12.203186854483574,0.05546869042087984,2.7149408901376634e+22,0.004544822527749263,1.3650327263729377e-08
656,12.201990420313635,0.055463252217349615,2.713876330375745e+22,0.004543040450207289,1.3644974812339084e-08
657,12.195282122642713,0.05543276070359739,2.707913238043243e+22,0.004533058208433167,1.3614993252836934e-08
658,12.191807811173305,0.055416968765851025,2.704828743213303e+22,0.0045278947510478664,1.3599484862203122e-08
659,12.185720588616086,0.05538930024986194,2.699430858876991e+22,0.004518858669848834,1.3572345086162296e-08
660,12.17965105480737,0.05536171213429651,2.6940567081521108e+22,0.004509862318815675,1.3545324639262066e-08
661,12.1792906308267,0.05536007388349553,2.6937378303481154e+22,0.004509328516023702,1.3543721368119962e-08
662,12.172639593351791,0.05532984263284426,2.687858539195715e+22,0.0044994865577793475,1.351416114874261e-08
663,12.168595985921742,0.055311463047081344,2.684288834989091e+22,0.00449351085784621,1.349621319605158e-08
664,12.163307802366708,0.05528742643433273,2.679625783690534e+22,0.0044857048902589534,1.3472768053468888e-08
665,12.160865251616471,0.055276324200975405,2.677474026622292e+22,0.0044821028398299686,1.346194933241303e-08
666,12.159345434199683,0.05526941610794167,2.6761358026541684e+22,0.004479862647249866,1.3455220937263282e-08
667,12.15565303443064,0.055252632880404516,2.672886674404039e+22,0.0044744235928231655,1.3438884793777724e-08
668,12.14702292479991,0.05521340606098893,2.6653041458810534e+22,0.004461730408019861,1.3400760945040794e-08
669,12.142367056958458,0.05519224353790208,2.6612201444312095e+22,0.0044548937723273355,1.3380227180737334e-08
670,12.140324461870403,0.05518295923945419,2.659429917186247e+22,0.00445189692435092,1.3371226178962688e-08
671,12.13941780967892,0.055178838192822086,2.658635573692067e+22,0.004450567189983504,1.3367232335599558e-08
672,12.132626631789064,0.05514796994844173,2.6526912885994767e+22,0.004440616431608503,1.3337345336159709e-08
673,12.130329896167677,0.05513753049309071,2.650683224419008e+22,0.004437254923681125,1.3327249082009372e-08
674,12.130130195827967,0.055136622786180034,2.650508677847501e+22,0.004436962731982511,1.3326371487277021e-08
675,12.127341261886386,0.05512394611953824,2.6480719319547072e+22,0.00443288360905641,1.3314119883930512e-08
676,12.122095630939562,0.055100102917144386,2.643493274495254e+22,0.004425218917112596,1.3291099061275738e-08
677,12.121200543673307,0.05509603443664004,2.642712589538146e+22,0.00442391204719398,1.328717389104713e-08
678,12.116644586211057,0.05507532603745528,2.6387416147689753e+22,0.004417264618642733,1.3267208408427565e-08
679,12.113737469098945,0.05506211218647638,2.6362101099575382e+22,0.004413026868886221,1.3254480371043272e-08
680,12.113324616565539,0.05506023562915302,2.635850747545021e+22,0.004412425294688429,1.3252673549187603e-08
681,12.10685026856101,0.05503080748126065,2.630220035242242e+22,0.004402999458489231,1.3224363148051416e-08
682,12.105822178146218,0.055026134455123187,2.6293267401686448e+22,0.004401504078759544,1.3219871790562944e-08
683,12.09888638953192,0.05499460889883052,2.6233062630527307e+22,0.00439142577461539,1.3189601708730018e-08
684,12.091552112520018,0.054961272073639,2.616951139010701e+22,0.0043807872701021695,1.3157649070906327e-08
685,12.07327762227339,0.05487820818989684,2.601166588739229e+22,0.004354363866217108,1.3078286651746824e-08
686,12.07300429402233,0.05487696581831716,2.6009310454106634e+22,0.004353969565689308,1.307710237420642e-08
687,12.071351671625573,0.05486945407702658,2.5995072224299334e+22,0.004351586080000225,1.306994359969196e-08
688,12.070140200891958,0.05486394752282102,2.5984638467013597e+22,0.004349839464619627,1.3064697658535083e-08
689,12.06738848506413,0.054851440020888695,2.5960951061985014e+22,0.0043458741830037775,1.3052787976381662e-08
690,12.065196904837322,0.0548414785292097,2.594209702198085e+22,0.004342718008736364,1.3043308439746621e-08
691,12.064378047418115,0.05483775653841036,2.5935055074230784e+22,0.004341539183705955,1.3039767851009988e-08
692,12.06277108603391,0.05483045234186838,2.592123981736429e+22,0.004339226503865979,1.3032821741127994e-08
693,12.060563100400241,0.054820416281655446,2.590226647932192e+22,0.0043360503590565355,1.3023282223177363e-08
694,12.044079212540153,0.0547454912922444,2.576094849416244e+22,0.004312393668597379,1.2952229599060013e-08
695,12.040907844202922,0.05473107632201088,2.5733826509601247e+22,0.00430785343691577,1.293859306035499e-08
696,12.038592023937406,0.054720550114651,2.5714034824908085e+22,0.004304540300531021,1.2928642089630596e-08
697,12.03636370062546,0.05471042161119632,2.569500169448575e+22,0.0043013541464518934,1.2919072508942416e-08
698,12.03585271549517,0.0547080990062712,2.5690638626036637e+22,0.004300623766948985,1.2916878821690484e-08
699,12.030940724935736,0.054685772302476995,2.5648725721084485e+22,0.004293607528940934,1.2895805623697528e-08
700,12.029377470932088,0.05467866676973303,2.5635397592189923e+22,0.004291376394529397,1.2889104434662994e-08
701,12.026265838079016,0.05466452331679677,2.5608883618705683e+22,0.004286937944159113,1.2875773595069527e-08
702,12.019912502981796,0.05463564519952741,2.555481123383149e+22,0.0042778862040715815,1.2848586787719712e-08
703,12.007426235462713,0.05457889076865706,2.5448791839835528e+22,0.004260138512695998,1.2795281780984418e-08
704,11.99768926385567,0.05453463284153588,2.5366345583850626e+22,0.0042463369745892226,1.2753829004610858e-08
705,11.992579106830403,0.0545114053970968,2.5323156384222447e+22,0.0042391070843128395,1.2732114104248763e-08
706,11.990207229331855,0.05450062438709183,2.5303128883764734e+22,0.004235754472269411,1.2722044568793484e-08
707,11.989032960459214,0.054495286925691264,2.5293218068491212e+22,0.0042340953976027365,1.2717061555261757e-08
708,11.988375220509388,0.054492297268301584,2.5287668023420273e+22,0.004233166317711529,1.2714271073457089e-08
709,11.983792782984,0.054471468491786884,2.524902651346047e+22,0.00422669771260821,1.2694842685206278e-08
710,11.983758058906648,0.05447131065874441,2.524873387104594e+22,0.0042266487241443005,1.2694695548863676e-08
711,11.976926944255167,0.05444026085950725,2.5191213075043038e+22,0.004217019718575976,1.266577493063725e-08
712,11.974657114467037,0.054429943690979664,2.5172121946059017e+22,0.004213823855513103,1.2656176189117219e-08
713,11.97280295883763,0.05442151590646718,2.5156535031463355e+22,0.0042112145994202795,1.2648339315539768e-08
714,11.970245049108613,0.05440988931378361,2.5135043907672108e+22,0.004207616976212057,1.2637533891595493e-08
715,11.961815239171703,0.05437157288355428,2.506431552853993e+22,0.0041957770156442675,1.2601972692989125e-08
716,11.95843831425871,0.05435622357992568,2.5036024133698212e+22,0.00419104102418732,1.2587748191831855e-08
717,11.95226487444173,0.05432816313817781,2.4984365857628924e+22,0.0041823934069343165,1.2561775163218694e-08
718,11.951859160815268,0.05432631902790278,2.498097371804459e+22,0.0041818255613338415,1.256006964485479e-08
719,11.9458504834117,0.05429900748788451,2.4930776068863195e+22,0.004173422453639364,1.2534830998161413e-08
720,11.938824721733441,0.05426707294296136,2.4872177487585074e+22,0.004163613026360325,1.2505368485200548e-08
721,11.93505672767708,0.05424994609113679,2.4840793006317058e+22,0.004158359250927985,1.2489588825250417e-08
722,11.931581131426864,0.05423414828935292,2.481187031520219e+22,0.004153517580208026,1.247504691752418e-08
723,11.923267242383183,0.05419635875162206,2.4742787519474427e+22,0.004141953090997821,1.2440313094279523e-08
724,11.922523716945728,0.05419297916799291,2.473661636126523e+22,0.0041409200365046875,1.2437210325837756e-08
725,11.921000915107198,0.05418605750003332,2.4723980920061145e+22,0.004138804858305377,1.243085741008243e-08
726,11.920680591340844,0.05418460151626318,2.472132365142017e+22,0.004138360030411493,1.2429521374122726e-08
727,11.919858758468163,0.05418086599784707,2.4714507057974852e+22,0.00413721892978697,1.2426094090247397e-08
728,11.916573690593157,0.05416593421293267,2.4687273537886906e+22,0.00413266002701103,1.2412401473104452e-08
729,11.906712613790855,0.05412111216084373,2.46056594578234e+22,0.004118997795505307,1.237136710266044e-08
730,11.90436858771196,0.05411045773995229,2.45862891972868e+22,0.0041157552057025275,1.2361628017862359e-08
731,11.904077681734556,0.05410913547021541,2.458388604396188e+22,0.00411535291681998,1.2360419747381434e-08
732,11.896006466721115,0.05407244896516755,2.451728053963692e+22,0.0041042031272379015,1.2326931470163165e-08
733,11.895940003187928,0.05407214686507498,2.451673262988823e+22,0.004104111406914336,1.2326655989123862e-08
734,11.892736757579236,0.05405758698904075,2.4490336710970357e+22,0.00409969271892837,1.231338450564646e-08
735,11.889181403390161,0.05404142665556091,2.4461064251782497e+22,0.004094792496885125,1.2298666739628793e-08
736,11.887385252885291,0.05403326252055764,2.44462859053106e+22,0.00409231859543805,1.2291236402324177e-08
737,11.8866606800995,0.05402996908269171,2.444032616958857e+22,0.00409132093315865,1.2288239934028807e-08
738,11.885840507473212,0.054026241109948414,2.443358142364266e+22,0.004090191859835902,1.2284848774029454e-08
739,11.88465563296724,0.05402085543899783,2.442383999197791e+22,0.004088561140056944,1.2279950924108517e-08
740,11.88386660206967,0.05401726901631191,2.441735459973872e+22,0.0040874754826543454,1.2276690163374454e-08
741,11.883479164632005,0.054015507977010685,2.4414170553753975e+22,0.004086942472010415,1.227508927144077e-08
742,11.881695115653551,0.054007398847431366,2.4399512865467215e+22,0.00408448876879454,1.2267719599313807e-08
743,11.881339225849558,0.054005781203191175,2.439658967623898e+22,0.0040839994256819286,1.2266249862356947e-08
744,11.878082844976136,0.05399097980748066,2.4369854778961348e+22,0.004079523992575233,1.2252807945498738e-08
745,11.876082347092947,0.05398188684127568,2.435344158439402e+22,0.004076776416865835,1.2244555630389367e-08
746,11.869572302316056,0.053952296398272793,2.430008694902187e+22,0.004067844828348381,1.2217729697032495e-08
747,11.869456809604552,0.05395177144327189,2.4299141192931707e+22,0.004067686508379061,1.2217254184648808e-08
748,11.865290204528172,0.053932832757272536,2.4265039818358585e+22,0.004061977923858855,1.2200108510326501e-08
749,11.862040569247334,0.05391806202129652,2.423846826160014e+22,0.004057529834024125,1.2186748718701678e-08
750,11.856930907910078,0.05389483681175233,2.419673182028964e+22,0.004050543136104289,1.2165764244056896e-08
751,11.848247611548713,0.05385536817143631,2.4125929074397966e+22,0.004038690726509519,1.213016565492728e-08
752,11.84712170254092,0.05385025051829523,2.4116759916026484e+22,0.004037155805521788,1.2125555535680915e-08
753,11.839908245725992,0.053817462814717464,2.405807708709523e+22,0.004027332275149998,1.2096050664227435e-08
754,11.83908039652799,0.053813699948254363,2.405134923519431e+22,0.004026206029897524,1.209266799830778e-08
755,11.835712717498804,0.05379839265960913,2.4023994971858867e+22,0.0040216269146509075,1.2078914673219068e-08
756,11.834251897744082,0.053791752718641714,2.4012136596092016e+22,0.0040196418175343016,1.207295245464474e-08
757,11.832561941080359,0.053784071269545236,2.39984236520741e+22,0.00401734626490843,1.2066057786172446e-08
758,11.831595676161117,0.05377967925464558,2.3990585654738543e+22,0.004016034180840874,1.2062116955301643e-08
759,11.829816890220812,0.05377159404503232,2.3976161796460976e+22,0.004013619620867393,1.20548648494967e-08
760,11.822368336425054,0.05373773773946654,2.3915833429040566e+22,0.004003520626656851,1.2024532625264248e-08
761,11.820552702421077,0.05372948504197188,2.3901145266578923e+22,0.004001061822051218,1.2017147631166122e-08
762,11.819997822053383,0.05372696291480251,2.3896657731255674e+22,0.00400031060674096,1.2014891363783196e-08
763,11.817171043778107,0.053714114209435976,2.3873806274581825e+22,0.003996485263233097,1.2003401984283845e-08
764,11.81071140094314,0.05368475285114767,2.382164854091125e+22,0.003987754036566488,1.1977177835665211e-08
765,11.805827150243013,0.0536625522058422,2.3782267927772057e+22,0.003981161705278476,1.1957377837103582e-08
766,11.80522397325591,0.05365981055325779,2.3777408037011054e+22,0.003980348157510521,1.1954934354831294e-08
767,11.796822410193405,0.053621622478842106,2.370979274797486e+22,0.003969029329540886,1.1920938372571477e-08
768,11.794892073367535,0.05361284841525945,2.3694277904486302e+22,0.003966432138181861,1.1913137735296695e-08
769,11.791392701915193,0.05359694253412977,2.3666171553865483e+22,0.003961727123205721,1.1899006271677837e-08
770,11.763743053517121,0.053471265090262114,2.3444972708882184e+22,0.003924698343041698,1.1787790715002205e-08
771,11.763639341647401,0.053470793683048745,2.344414593809866e+22,0.003924559941263012,1.1787375026697235e-08
772,11.761966639348486,0.05346319065809518,2.3430814501934557e+22,0.003922328253213155,1.1780672174815758e-08
773,11.754450819268836,0.0534290285904506,2.337098357487205e+22,0.003912312530728825,1.1750590056348196e-08
774,11.751086822899959,0.05341373803349257,2.334424107943974e+22,0.003907835825687824,1.1737144319248507e-08
775,11.746582049708021,0.053393262240703544,2.3308465792671677e+22,0.003901847027558523,1.1719157026261328e-08
776,11.743342147663189,0.053378535735830145,2.328276109041475e+22,0.0038975440495338178,1.1706233076450915e-08
777,11.739593843549384,0.05336149836275097,2.3253049365814445e+22,0.0038925702942748256,1.1691294454183399e-08
778,11.73706736833205,0.05335001463563036,2.3233038775687613e+22,0.0038892205130279353,1.1681233420996126e-08
779,11.732183614891605,0.05332781624135732,2.3194394311354873e+22,0.0038827514133613367,1.1661803547329642e-08
780,11.731906379451456,0.0533265561077796,2.319220203271936e+22,0.003882384424990946,1.166070130157038e-08
781,11.727808551931181,0.053307930025507266,2.3159816000827294e+22,0.0038769629895607258,1.1644418076557777e-08
782,11.724833811292566,0.053294408771942345,2.313632722843351e+22,0.003873030959131915,1.1632608263999311e-08
783,11.72329252927952,0.053287403097260884,2.312416418061434e+22,0.003870994859784947,1.1626492860755757e-08
784,11.7211167858659,0.05327751356985769,2.310700243602328e+22,0.0038681219764851206,1.1617864185599864e-08
785,11.719955281400747,0.0532722341190401,2.3097844677988237e+22,0.003866588963918529,1.1613259798276572e-08
786,11.718993222065997,0.05326786121723572,2.3090261485085134e+22,0.003865319534220686,1.1609447079362234e-08
787,11.71821258792303,0.05326431295742928,2.308410970338966e+22,0.003864289723364142,1.1606354053149278e-08
788,11.718168876789273,0.05326411427478036,2.3083765274463347e+22,0.003864232065816267,1.1606180879303013e-08
789,11.714673774678737,0.053248227792488195,2.305623752666423e+22,0.0038596239091970895,1.1592340328753408e-08
790,11.711236358979807,0.053232603515154235,2.3029188143759028e+22,0.0038550958310633867,1.1578740293103306e-08
791,11.71042514866544,0.05322891627561507,2.3022808117812467e+22,0.003854027812022719,1.1575532509006128e-08
792,11.709209663739365,0.05322339146407782,2.301325102473844e+22,0.003852427950601779,1.1570727341843031e-08
793,11.707275710276077,0.05321460095728433,2.299805090393649e+22,0.0038498834439535438,1.1563084942549972e-08
794,11.698753447232106,0.05317586423751177,2.293115891557641e+22,0.003838685696822871,1.1529452625332547e-08
795,11.696518120480802,0.053165703881265416,2.2913637822950885e+22,0.003835752658510158,1.1520643275220163e-08
796,11.695243873606266,0.053159911975312696,2.290365442729319e+22,0.003834081433856489,1.1515623769328677e-08
797,11.694719477239246,0.053157528407013974,2.2899546864654595e+22,0.0038333938261342787,1.1513558546675883e-08
798,11.694154272983818,0.0531549593523173,2.289512027515767e+22,0.003832652813181112,1.1511332921966529e-08
799,11.68989422648024,0.05313559592304479,2.2861776915013116e+22,0.0038270711205967063,1.1494568366255615e-08
