particle_id,radius_km,mass_kg,mass_earth,mass_solar
0,199.67681666590101,3.3348134339905892e+19,5.582491786726453e-06,1.6766956106784533e-11
1,199.66698200876084,3.33432071081937e+19,5.581666966054801e-06,1.6764478766463057e-11
2,199.6607474652031,3.3340083809828614e+19,5.581144124588082e-06,1.676290841754752e-11
3,199.6463102685585,3.3332852004655927e+19,5.579933517344863e-06,1.6759272371264772e-11
4,199.6450077816454,3.3332199621145117e+19,5.5798243080693525e-06,1.675894436233992e-11
5,199.64371283281608,3.333155102171273e+19,5.579715732250169e-06,1.6758618255994576e-11
6,199.64257256799215,3.333097990563485e+19,5.579620127177287e-06,1.6758331107151043e-11
7,199.63437866822184,3.3326876079041278e+19,5.578933144870594e-06,1.6756267762927257e-11
8,199.6149525122688,3.3317148043726e+19,5.5773046676462015e-06,1.6751376648495667e-11
9,199.61049060470936,3.3314913921833136e+19,5.5769306746968405e-06,1.675025336455621e-11
10,199.5829642736439,3.330113342021606e+19,5.57462381290031e-06,1.6743324729107285e-11
11,199.5753681988449,3.3297331267954962e+19,5.573987331004408e-06,1.674141306234286e-11
12,199.56756921472638,3.3293427852233847e+19,5.5733338975624884e-06,1.6739450481786017e-11
13,199.56455238833894,3.329191800310753e+19,5.573081148180441e-06,1.673869135164186e-11
14,199.56308160338244,3.3291181927125393e+19,5.572957928749848e-06,1.673832126336172e-11
15,199.55015956193142,3.3284715367662977e+19,5.571875423962043e-06,1.673506997147345e-11
16,199.53377042099658,3.327651497698284e+19,5.570502675095399e-06,1.67309469345086e-11
17,199.53217662750998,3.3275717586108793e+19,5.570369191525979e-06,1.6730546017994085e-11
18,199.50510261694703,3.32621741329918e+19,5.568102011748576e-06,1.672373656707751e-11
19,199.50279974849917,3.326102231993818e+19,5.567909197756461e-06,1.672315745225458e-11
20,199.50276746247513,3.326100617180401e+19,5.567906494551975e-06,1.6723149333207977e-11
21,199.4999878267359,3.325961593254283e+19,5.567673767911917e-06,1.6722450341161448e-11
22,199.49682864636537,3.325803591046282e+19,5.567409271547755e-06,1.6721655929078505e-11
23,199.48857066173966,3.3253906025552798e+19,5.56671792706787e-06,1.6719579483112844e-11
24,199.4884404447737,3.325384090573302e+19,5.56670702598251e-06,1.6719546741816172e-11
25,199.48583410007666,3.3252537524353987e+19,5.566488839388643e-06,1.671889142064738e-11
26,199.48473154795252,3.3251986170117534e+19,5.5663965424563705e-06,1.6718614207769814e-11
27,199.48002062684566,3.3249630444197954e+19,5.566002192941529e-06,1.6717429783097337e-11
28,199.47969262857595,3.3249466430730023e+19,5.565974737017659e-06,1.6717347319515125e-11
29,199.47580787869367,3.3247523927054275e+19,5.565649561081127e-06,1.6716370656966733e-11
30,199.47492903855817,3.3247084488357257e+19,5.56557599885747e-06,1.671614971359193e-11
31,199.47458783631595,3.324691388104696e+19,5.5655474391216e-06,1.6716063934721838e-11
32,199.47198098774277,3.3245610428737937e+19,5.565329240654024e-06,1.6715408577890484e-11
33,199.47061426606282,3.3244927066819318e+19,5.56521484557995e-06,1.6715064993473502e-11
34,199.4680144068583,3.3243627161014792e+19,5.564997240798725e-06,1.6714411419772938e-11
35,199.4572514558709,3.3238246144540434e+19,5.564096456366044e-06,1.6711705923084102e-11
36,199.45004584407573,3.3234643970472202e+19,5.56349345090417e-06,1.6709894802441627e-11
37,199.4226549900182,3.322095332024721e+19,5.56120163026866e-06,1.6703011342963623e-11
38,199.41164221602116,3.3215449913712493e+19,5.5602803576881335e-06,1.6700244310335505e-11
39,199.38763307393663,3.3203453947446034e+19,5.5582722278637245e-06,1.6694212913262492e-11
40,199.3826713957467,3.320097524676884e+19,5.557857292322469e-06,1.669296665867347e-11
41,199.38023808847052,3.319975968693919e+19,5.5576538070930965e-06,1.6692355492900262e-11
42,199.3765048428898,3.319789479997851e+19,5.55734162422748e-06,1.6691417854905432e-11
43,199.37166623739475,3.3195477850929582e+19,5.556937025934903e-06,1.6690202648135462e-11
44,199.37124549009602,3.3195267687493255e+19,5.556901844486814e-06,1.6690096981021488e-11
45,199.367336210843,3.3193315043423048e+19,5.556574971043963e-06,1.6689115220030494e-11
46,199.3581135022817,3.318870870044995e+19,5.555803867282894e-06,1.6686799217892097e-11
47,199.34452209862502,3.3181921160528884e+19,5.554667630230612e-06,1.668338654170549e-11
48,199.33614698084898,3.31777390919263e+19,5.5539675501785324e-06,1.6681283858539458e-11
49,199.33283751664237,3.317608662619896e+19,5.5536909267171805e-06,1.6680453022846047e-11
50,199.32762647908842,3.3173484787245314e+19,5.55325537777639e-06,1.6679144856125592e-11
51,199.3195686783213,3.3169461844762534e+19,5.552581935504037e-06,1.6677122179254336e-11
52,199.31797754663245,3.3168667493848273e+19,5.55244896082517e-06,1.6676722791187314e-11
53,199.3157850689762,3.31675729498939e+19,5.55226573370448e-06,1.667617247043315e-11
54,199.3103682507344,3.3164868831429812e+19,5.551813063130401e-06,1.6674812879064926e-11
55,199.31004473929244,3.31647073366132e+19,5.551786028829827e-06,1.6674731681823905e-11
56,199.30678023786783,3.3163077747981e+19,5.5515132350038734e-06,1.667391234840064e-11
57,199.30546033294064,3.3162418887006155e+19,5.551402941398145e-06,1.6673581082701245e-11
58,199.30246117637589,3.3160921821303853e+19,5.551152331966682e-06,1.6672828379876444e-11
59,199.29784970492597,3.315862003679396e+19,5.550767012266625e-06,1.66716710761589e-11
60,199.2975652033175,3.3158478033245774e+19,5.550743240812626e-06,1.667159967884368e-11
61,199.28795319189496,3.3153680619421e+19,5.549940151710208e-06,1.666918760906472e-11
62,199.28696664343514,3.315318825322253e+19,5.549857729400432e-06,1.666894005451327e-11
63,199.27913720334018,3.3149280912345317e+19,5.549203638885723e-06,1.6666975500445125e-11
64,199.27304077656848,3.314623865738528e+19,5.548694364119272e-06,1.6665445898972952e-11
65,199.26688752127313,3.3143168232456073e+19,5.548180373688072e-06,1.6663902134050678e-11
66,199.2550479870179,3.3137260933460996e+19,5.5471914893389326e-06,1.6660932030177683e-11
67,199.2491280479976,3.313430746144961e+19,5.546697076875619e-06,1.6659447067478636e-11
68,199.2253344197036,3.3122438532424163e+19,5.544710213139062e-06,1.6653479542879635e-11
69,199.20808174810503,3.3113834188944765e+19,5.543269842403047e-06,1.6649153404332385e-11
70,199.2064901704696,3.31130405040242e+19,5.5431369792118064e-06,1.664875435111729e-11
71,199.2008665535822,3.3110236230978765e+19,5.542667542718469e-06,1.664734440348469e-11
72,199.19176639595577,3.310569868137762e+19,5.541907954996947e-06,1.664506298965148e-11
73,199.1913664852762,3.3105499286149853e+19,5.541874576151523e-06,1.664496273663589e-11
74,199.1729599027122,3.309632264145396e+19,5.54033840194992e-06,1.6640348853374677e-11
75,199.1703053992983,3.3094999372513264e+19,5.5401168861698235e-06,1.6639683533029618e-11
76,199.16619356554492,3.309294969458766e+19,5.539773769218557e-06,1.6638652984829787e-11
77,199.16328001917967,3.3091497393404776e+19,5.53953065338657e-06,1.663792278895319e-11
78,199.1624400091221,3.3091078685597983e+19,5.539460561522699e-06,1.6637712268767965e-11
79,199.1448621429573,3.3082317708132934e+19,5.537993970191268e-06,1.6633307376934687e-11
80,199.14117141644493,3.308047841100622e+19,5.5376860710746765e-06,1.663238260513556e-11
81,199.11228926899554,3.306608716255291e+19,5.5352769699995615e-06,1.6625146895075172e-11
82,199.1101072783544,3.306500010104102e+19,5.535094995442906e-06,1.6624600336384078e-11
83,199.10327577013874,3.30615968172063e+19,5.534525284290205e-06,1.662288921485344e-11
84,199.08957593600647,3.30547726116396e+19,5.533382909393344e-06,1.6619458103714377e-11
85,199.07541017290453,3.304771730359824e+19,5.5322018478445255e-06,1.6615910797617925e-11
86,199.0730004230947,3.30465172191713e+19,5.532000953204109e-06,1.6615307412651742e-11
87,199.07238331371036,3.3046209895938593e+19,5.5319495071650304e-06,1.661515289500764e-11
88,199.0455724464424,3.3032859803686932e+19,5.52971469607823e-06,1.6608440663117137e-11
89,199.04086238780945,3.3030514867958034e+19,5.52932215284587e-06,1.6607261663595336e-11
90,199.0368120968416,3.3028498490937446e+19,5.528984610480181e-06,1.6606247858605398e-11
91,199.02053635997817,3.302039668522491e+19,5.527628364778791e-06,1.6602174388725998e-11
92,199.00439560950718,3.301236338218625e+19,5.526283586453968e-06,1.6598135360993028e-11
93,199.00139364859004,3.3010869440365232e+19,5.5260334999615516e-06,1.6597384228810224e-11
94,199.0011101436908,3.301072835497316e+19,5.526009882207273e-06,1.6597313293130523e-11
95,198.99770133356603,3.3009032001961492e+19,5.525725911995972e-06,1.6596460391549935e-11
96,198.9950473482672,3.3007711318606266e+19,5.525504829043976e-06,1.659579637119958e-11
97,198.99068926867818,3.300554271565057e+19,5.525141803992396e-06,1.6594706029227203e-11
98,198.9885204989562,3.300446356001052e+19,5.524961152882028e-06,1.6594163445493293e-11
99,198.98803908165175,3.300422401531615e+19,5.524921052998921e-06,1.659404300591082e-11
100,198.98460925340652,3.300251742728496e+19,5.524635369441025e-06,1.6593184958311526e-11
101,198.9733091997942,3.2996895248164286e+19,5.523694214279397e-06,1.6590358208557553e-11
102,198.9544262586882,3.2987501737506288e+19,5.522121736624056e-06,1.658563528825005e-11
103,198.9534102018061,3.2986996340250907e+19,5.522037132909844e-06,1.6585381181873032e-11
104,198.9533617545174,3.2986972242194825e+19,5.522033098885068e-06,1.658536906572151e-11
105,198.9410511249098,3.2980849220199408e+19,5.521008102414472e-06,1.658229049946675e-11
106,198.93375823502012,3.2977222263119577e+19,5.5204009482659795e-06,1.65804669182871e-11
107,198.93154556517854,3.297612189341535e+19,5.5202167459123e-06,1.6579913668430782e-11
108,198.91768372720844,3.2969228902070804e+19,5.519062856247149e-06,1.657644797280474e-11
109,198.91323407585594,3.296701645484684e+19,5.518692491646525e-06,1.6575335586573034e-11
110,198.90270140002897,3.2961779812152173e+19,5.5178158754455995e-06,1.657270267891729e-11
111,198.9005382758395,3.296070441728833e+19,5.51763585389076e-06,1.6572161986046867e-11
112,198.88107006254623,3.295102686854219e+19,5.516015828139384e-06,1.6567296255526713e-11
113,198.88035714186339,3.2950672515294396e+19,5.515956509255898e-06,1.6567118091876192e-11
114,198.87410014498863,3.2947562618898813e+19,5.5154359112845405e-06,1.6565554481275675e-11
115,198.86336152614166,3.2942225691482747e+19,5.514542507378856e-06,1.6562871151923027e-11
116,198.85338050687508,3.2937265796136034e+19,5.513712218800976e-06,1.656037738880198e-11
117,198.84739074592977,3.2934289526806712e+19,5.513213990057002e-06,1.6558880963943603e-11
118,198.82633933830917,3.2923830655492055e+19,5.511463170577346e-06,1.6553622395818865e-11
119,198.82270043002097,3.292202297838098e+19,5.51116056466474e-06,1.655271352210294e-11
120,198.82148819160776,3.2921420797179146e+19,5.511059759276975e-06,1.6552410754167663e-11
121,198.81606596562446,3.291872738838267e+19,5.510608881505783e-06,1.655105654746429e-11
122,198.81161517843617,3.2916516636910043e+19,5.510238800774649e-06,1.654994501383165e-11
123,198.80037858370525,3.2910935745880932e+19,5.5093045572570044e-06,1.65471390231286e-11
124,198.79951079371662,3.2910504765978984e+19,5.509232411039217e-06,1.6546922332712723e-11
125,198.7931470624442,3.290734439244283e+19,5.5087033631731885e-06,1.6545333342941312e-11
126,198.7899610315222,3.290576221310664e+19,5.508438505683429e-06,1.6544537846221387e-11
127,198.7772869294988,3.2899468770577015e+19,5.5073849807433605e-06,1.6541373595004834e-11
128,198.76885977479483,3.2895284633191387e+19,5.506684554376125e-06,1.653926987168483e-11
129,198.74885500330066,3.2885353554063077e+19,5.505022087531592e-06,1.6534276669782133e-11
130,198.7465864273819,3.288422747860041e+19,5.504833582023083e-06,1.653371049544497e-11
131,198.72876081802954,3.287538009917664e+19,5.503352526967233e-06,1.652926216196561e-11
132,198.72621875650924,3.287411852783641e+19,5.5031413393915385e-06,1.652862786227521e-11
133,198.72069883464985,3.287137921855571e+19,5.502682777859882e-06,1.652725057747708e-11
134,198.71872140105378,3.287039793694006e+19,5.502518510902576e-06,1.6526757203376738e-11
135,198.71281747399016,3.2867468288464876e+19,5.502028086509294e-06,1.6525284218804615e-11
136,198.70370173392965,3.2862945215061287e+19,5.501270922109363e-06,1.652301008339264e-11
137,198.69489833625713,3.285857751447522e+19,5.500539767184771e-06,1.652081406716973e-11
138,198.6859937626829,3.285416001038604e+19,5.499800275132702e-06,1.651859301047103e-11
139,198.685243347529,3.2853787752141406e+19,5.499737958945175e-06,1.651840584444895e-11
140,198.6850222407071,3.285367806827574e+19,5.499719597819692e-06,1.6518350696999247e-11
141,198.68248785516087,3.285242085989931e+19,5.499509140605982e-06,1.6517718590943483e-11
142,198.68055089542182,3.285146003244757e+19,5.499348297684362e-06,1.6517235500898766e-11
143,198.67400569086072,3.2848213427155513e+19,5.49880481458594e-06,1.6515603155056773e-11
144,198.6680470854988,3.284525797755244e+19,5.498310071072942e-06,1.651411719805344e-11
145,198.66703204104363,3.284475453635282e+19,5.498225794803292e-06,1.651386407515276e-11
146,198.6617762866555,3.2842147872414695e+19,5.497789438158059e-06,1.65125534825004e-11
147,198.65528165405843,3.2838926960242995e+19,5.497250256098846e-06,1.6510934054785008e-11
148,198.65375639663097,3.2838170563046744e+19,5.49712363488842e-06,1.6510553749294465e-11
149,198.65228211367776,3.2837439455868125e+19,5.497001247237637e-06,1.6510186159256344e-11
150,198.6478603687416,3.2835246746856608e+19,5.496634186822122e-06,1.6509083697110297e-11
151,198.6350160079059,3.28288778815582e+19,5.4955680360786725e-06,1.650588152442441e-11
152,198.63439145459586,3.28285682183333e+19,5.495516198323911e-06,1.6505725830266326e-11
153,198.63262194096794,3.2827690876586037e+19,5.495369330944516e-06,1.650528471561754e-11
154,198.63036609347546,3.2826572428532507e+19,5.49518210226752e-06,1.650472237623057e-11
155,198.618540510156,3.282070972590396e+19,5.49420068336899e-06,1.6501774694760956e-11
156,198.60771457711024,3.2815343226302226e+19,5.493302329066924e-06,1.6499076496944186e-11
157,198.6077141424363,3.2815343010842698e+19,5.493302292998908e-06,1.6499076388614274e-11
158,198.60761456768543,3.2815293653576077e+19,5.493294030571609e-06,1.649905157249969e-11
159,198.6005298525392,3.2811782025152537e+19,5.492706182488936e-06,1.649728597688823e-11
160,198.600028190751,3.2811533379657806e+19,5.492664559128001e-06,1.6497160961555922e-11
161,198.59407756570266,3.2808584085782807e+19,5.4921708460864855e-06,1.6495678099562984e-11
162,198.59109494578203,3.280710588359257e+19,5.491923394414916e-06,1.6494934881037232e-11
163,198.58620287901525,3.2804681445595247e+19,5.4915175424692115e-06,1.6493715908933113e-11
164,198.58100187634034,3.2802104034400174e+19,5.491086082745532e-06,1.649242002413379e-11
165,198.57454450527692,3.279890420459122e+19,5.490550429882756e-06,1.649081119632324e-11
166,198.57450392489503,3.2798884096397746e+19,5.490547063762668e-06,1.6490801086216515e-11
167,198.56968709876537,3.2796497344525304e+19,5.4901475204902e-06,1.6489601062146947e-11
168,198.56935702881728,3.279633379810984e+19,5.4901201427511105e-06,1.648951883339191e-11
169,198.5683558034311,3.2795837704096702e+19,5.490037096403583e-06,1.6489269404549556e-11
170,198.56453002649016,3.27939421280102e+19,5.4897197761653305e-06,1.648831633650936e-11
171,198.56079381553965,3.279209100011376e+19,5.4894098965728855e-06,1.6487385616371577e-11
172,198.55840073612825,3.2790905371311428e+19,5.48921142181014e-06,1.6486789499482848e-11
173,198.54726002318125,3.2785386185530237e+19,5.4882875077770826e-06,1.6484014533279487e-11
174,198.5380608203846,3.2780829304071467e+19,5.487524683894421e-06,1.6481723399669907e-11
175,198.52631920314735,3.277501363548678e+19,5.486551138514719e-06,1.647879936623232e-11
176,198.5253077133911,3.2774512672867135e+19,5.486467277160403e-06,1.647854748952554e-11
177,198.50892996326536,3.2766401941228675e+19,5.485109537255239e-06,1.6474469531820624e-11
178,198.497796398906,3.276088904488574e+19,5.484186676076806e-06,1.6471697727855188e-11
179,198.47657535591236,3.2750382944685486e+19,5.482427950461734e-06,1.6466415413734834e-11
180,198.46299874463406,3.2743662623107895e+19,5.481302965788568e-06,1.6463036533952044e-11
181,198.46127499556218,3.2742809445918347e+19,5.481160143566349e-06,1.646260756889083e-11
182,198.46077175632513,3.274256036823813e+19,5.481118447857381e-06,1.6462482336261955e-11
183,198.45329195707225,3.2738858399135846e+19,5.480498736664618e-06,1.6460621040130245e-11
184,198.4485371788379,3.2736505266866815e+19,5.480104821327974e-06,1.645943791950748e-11
185,198.44753719788062,3.2736010392214913e+19,5.480021979102033e-06,1.645918910374219e-11
186,198.4462631850645,3.2735379910784475e+19,5.479916436244036e-06,1.6458872106864267e-11
187,198.42357752751383,3.272415462416444e+19,5.47803731851825e-06,1.6453228196289663e-11
188,198.4196626776608,3.272221774308482e+19,5.477713083806687e-06,1.6452254360700692e-11
189,198.4106873888798,3.2717777486531006e+19,5.476969782982421e-06,1.6450021864394248e-11
190,198.4060800579466,3.2715498302936252e+19,5.4765882466851134e-06,1.6448875924087573e-11
191,198.40302665830083,3.271398788621541e+19,5.476335402287502e-06,1.6448116508565155e-11
192,198.40222529956918,3.2713591488019354e+19,5.476269045061901e-06,1.644791720532719e-11
193,198.38704098509126,3.2706081056451633e+19,5.475011795642362e-06,1.6444141069752244e-11
194,198.3807547948002,3.2702972131590308e+19,5.47449136030625e-06,1.6442577947624997e-11
195,198.3732447364032,3.269925818363461e+19,5.4738696438483606e-06,1.6440710628700305e-11
196,198.34545451261707,3.2685517534183997e+19,5.471569453321344e-06,1.6433802030340083e-11
197,198.34156620089135,3.2683595297196777e+19,5.4712476700370405e-06,1.6432835557587423e-11
198,198.336008747376,3.2680848029303943e+19,5.470787776230347e-06,1.6431454271315058e-11
199,198.3353563021719,3.268052551007174e+19,5.470733786374529e-06,1.6431292113343794e-11
200,198.3134261350382,3.26696861394587e+19,5.4689192711514634e-06,1.6425842235715212e-11
201,198.30905195955543,3.266752441308006e+19,5.46855739724179e-06,1.64247553511856e-11
202,198.306691827141,3.266635807047105e+19,5.468362150995959e-06,1.6424168931113897e-11
203,198.30184954898343,3.2663965174977245e+19,5.4679615792786786e-06,1.6422965818121013e-11
204,198.30106105774635,3.2663575539460104e+19,5.467896354128387e-06,1.6422769915059482e-11
205,198.2986169607661,3.2662367800651813e+19,5.467694178141297e-06,1.642216268158187e-11
206,198.297817290592,3.266197265393193e+19,5.467628030413336e-06,1.642196400756789e-11
207,198.2964350730249,3.2661289656433857e+19,5.467513696343415e-06,1.6421620606376252e-11
208,198.29370106438145,3.2659938724173853e+19,5.467287549711972e-06,1.6420941377317264e-11
209,198.2838060562443,3.2655049699991257e+19,5.466469124996926e-06,1.6418483247185035e-11
210,198.26523453588894,3.2645875015490646e+19,5.464933278932843e-06,1.641387034948145e-11
211,198.25993422430764,3.264325687594495e+19,5.464495001266051e-06,1.6412553987060794e-11
212,198.25786630833147,3.264223544705275e+19,5.464324013637679e-06,1.6412040427494698e-11
213,198.23921144970583,3.2633022006949327e+19,5.4627816798693e-06,1.6407408044038638e-11
214,198.23752146159396,3.2632187425102037e+19,5.462641970515237e-06,1.6406988428444603e-11
215,198.23261041780071,3.2629762241460634e+19,5.462235993748397e-06,1.6405769081441504e-11
216,198.2306661177326,3.2628802135655133e+19,5.462075271630663e-06,1.640528635423e-11
217,198.22534353860374,3.2626173913873035e+19,5.461635306193236e-06,1.6403964922607765e-11
218,198.21710995468578,3.262210855303308e+19,5.460954763069959e-06,1.64019209184045e-11
219,198.20861682195465,3.261791539291769e+19,5.460252826293946e-06,1.639981265858742e-11
220,198.20312431017763,3.261520386620124e+19,5.45979891557529e-06,1.6398449342457836e-11
221,198.1885101966669,3.260798994639458e+19,5.458591302349905e-06,1.639482228867656e-11
222,198.1797199870485,3.2603651374690005e+19,5.4578650236123885e-06,1.6392640918030893e-11
223,198.173464936911,3.2600564312542847e+19,5.457348248103871e-06,1.639108878815782e-11
224,198.17121262695656,3.2599452775117345e+19,5.457162176268929e-06,1.6390529923333944e-11
225,198.1590324636263,3.2593442180798304e+19,5.456156000238889e-06,1.6387507884076938e-11
226,198.15542115360512,3.259166023508789e+19,5.455857701773631e-06,1.6386611947734393e-11
227,198.15501804897156,3.259146133329977e+19,5.455824405530213e-06,1.638651194281307e-11
228,198.14569020004149,3.2586858968138162e+19,5.4550539676564675e-06,1.638419794066034e-11
229,198.13349027344765,3.2580840172428194e+19,5.454046418710119e-06,1.638117177786346e-11
230,198.13041868047347,3.257932492841455e+19,5.453792766221651e-06,1.638040993524855e-11
231,198.10958579558056,3.2569049121689764e+19,5.452072591831732e-06,1.6375243409332584e-11
232,198.10837166481676,3.256845031913331e+19,5.451972352030632e-06,1.637494234013098e-11
233,198.09756517552898,3.2563120941956293e+19,5.451080212038157e-06,1.637226280692853e-11
234,198.08801321903493,3.255841073994182e+19,5.450291722229653e-06,1.6369894585977225e-11
235,198.08060622684414,3.2554758562214326e+19,5.44968034613408e-06,1.6368058324223362e-11
236,198.0755722745142,3.2552276619012964e+19,5.449264867792908e-06,1.636681043934043e-11
237,198.06233368410548,3.2545750057711505e+19,5.4481723186718805e-06,1.636352897940164e-11
238,198.05365984852165,3.2541474371610935e+19,5.44745656701106e-06,1.6361379226721504e-11
239,198.04702357028776,3.2538203333213057e+19,5.446908993800395e-06,1.6359734596269865e-11
240,198.0459646655387,3.2537681416652116e+19,5.446821624747448e-06,1.6359472184226675e-11
241,198.01786094496038,3.2523831599228133e+19,5.444503159455537e-06,1.6352508697799878e-11
242,198.01552252494363,3.2522679377701188e+19,5.444310277084815e-06,1.6351929377602514e-11
243,198.01102367937926,3.252046271530316e+19,5.443939206862271e-06,1.6350814872042697e-11
244,198.00344949362858,3.251673100483173e+19,5.443314516951739e-06,1.6348938622383874e-11
245,197.99977946929528,3.2514922930541933e+19,5.443011844551247e-06,1.6348029548972272e-11
246,197.99639379506624,3.2513255003619795e+19,5.44273263287935e-06,1.6347190939615367e-11
247,197.98393330599788,3.2507116928750186e+19,5.44170511655125e-06,1.6344104804994765e-11
248,197.97166626653242,3.250107490242003e+19,5.440693678789261e-06,1.6341066962180495e-11
249,197.96504470955276,3.249781382179995e+19,5.440147772514808e-06,1.633942733835446e-11
250,197.9579650619968,3.2494327375381066e+19,5.43956413991036e-06,1.6337674403888072e-11
251,197.95785336935435,3.249427237317027e+19,5.43955493251702e-06,1.6337646749577798e-11
252,197.95687129064675,3.249378875848931e+19,5.439473975214975e-06,1.6337403595161852e-11
253,197.95437365163787,3.2492558843156988e+19,5.439268086868386e-06,1.633678521165104e-11
254,197.94479885646558,3.248784420297878e+19,5.438478854109397e-06,1.6334414759255667e-11
255,197.93963037322385,3.248529942541953e+19,5.438052857270151e-06,1.6333135282173005e-11
256,197.93482687224747,3.2482934471310045e+19,5.437656962952417e-06,1.6331946217701086e-11
257,197.93261691996074,3.2481846462671634e+19,5.4374748298463825e-06,1.6331399182808576e-11
258,197.93005859115016,3.248058697086813e+19,5.437263990386014e-06,1.6330765928678946e-11
259,197.922650070337,3.2476939862901907e+19,5.43665346297062e-06,1.6328932215927192e-11
260,197.91981391282465,3.247554373572223e+19,5.4364197506905165e-06,1.632823026352102e-11
261,197.91185957692983,3.2471628347013796e+19,5.435764312965459e-06,1.6326261663120586e-11
262,197.9111116512124,3.2471260209285214e+19,5.4357026865540605e-06,1.6326076568833948e-11
263,197.90997013696452,3.2470698348072763e+19,5.435608630749564e-06,1.6325794073201922e-11
264,197.90547896476528,3.2468487824950354e+19,5.4352385882443545e-06,1.6324682654380447e-11
265,197.89954652959574,3.2465568076196155e+19,5.434749821068551e-06,1.632321464724381e-11
266,197.879647785423,3.2455775849439613e+19,5.433110598169753e-06,1.6318291258290737e-11
267,197.86815970988232,3.245012343248475e+19,5.432164381181899e-06,1.631544930539426e-11
268,197.85601425888515,3.2444148284285575e+19,5.431164138847309e-06,1.631244508792992e-11
269,197.85195669532297,3.2442152264684937e+19,5.430830004322327e-06,1.631144151835415e-11
270,197.843568277211,3.243802604620747e+19,5.430139273604803e-06,1.6309366915817363e-11
271,197.83186998870318,3.243227230419672e+19,5.429176094759756e-06,1.630647401815896e-11
272,197.82724250494664,3.2429996488331522e+19,5.4287951222218e-06,1.6305329771097642e-11
273,197.8228440137832,3.242783339067609e+19,5.428433018759812e-06,1.6304242197110035e-11
274,197.82159890695073,3.2427221087334842e+19,5.4283305189216304e-06,1.6303934339910525e-11
275,197.812730864817,3.2422860293465248e+19,5.4276005201842954e-06,1.6301741796284038e-11
276,197.8120973643151,3.2422548789260235e+19,5.427548374248684e-06,1.6301585176507972e-11
277,197.80114007231882,3.2417161196784144e+19,5.426646488990534e-06,1.629887637350127e-11
278,197.79148811498067,3.241241591893775e+19,5.425852127472938e-06,1.6296490516932682e-11
279,197.77881925915716,3.2406188119239303e+19,5.424809591170559e-06,1.6293359269975315e-11
280,197.76560175769401,3.2399691464804348e+19,5.423722048471628e-06,1.6290092846773297e-11
281,197.75256045860144,3.2393282268252926e+19,5.422649146259374e-06,1.6286870396120974e-11
282,197.7285970646265,3.2381507569783947e+19,5.420678056757806e-06,1.6280950249272946e-11
283,197.70647068135042,3.2370638042293875e+19,5.418858493260777e-06,1.6275485209205938e-11
284,197.701696836467,3.2368293222628684e+19,5.41846596945753e-06,1.627430626803928e-11
285,197.6960742663106,3.236553167085709e+19,5.418003684523494e-06,1.627291780004077e-11
286,197.69591335854705,3.236545264256432e+19,5.417990455153875e-06,1.6272878065766506e-11
287,197.69499576241412,3.2365001976551494e+19,5.417915013472804e-06,1.627265147746088e-11
288,197.6876418838364,3.2361390360985223e+19,5.4173104275001675e-06,1.627083560977074e-11
289,197.6863007986944,3.236073176009911e+19,5.417200177433403e-06,1.627050447484017e-11
290,197.67147692144857,3.2353452415874056e+19,5.41598161213272e-06,1.626684452661447e-11
291,197.66789146813827,3.2351691923807244e+19,5.415686905016471e-06,1.626595937685138e-11
292,197.6618364839051,3.2348719013296153e+19,5.41518923854009e-06,1.6264464640757876e-11
293,197.66069362335338,3.2348157905571574e+19,5.415095308869782e-06,1.6264182523968574e-11
294,197.65316393026313,3.2344461230960833e+19,5.414476483977141e-06,1.6262323889830074e-11
295,197.64691078111122,3.2341391484881908e+19,5.413962607185766e-06,1.6260780466223833e-11
296,197.6414040085267,3.2338688304874004e+19,5.413510093709649e-06,1.625942134669771e-11
297,197.629909525219,3.2333046345941275e+19,5.4125656273991215e-06,1.62565846519424e-11
298,197.62815574634314,3.233218557779224e+19,5.4124215344470755e-06,1.6256151870257347e-11
299,197.6277609909649,3.233199183092548e+19,5.412389101139672e-06,1.6256054457155383e-11
300,197.61609001836564,3.2326264039875215e+19,5.4114302664963815e-06,1.625317460726184e-11
301,197.61084841896076,3.2323691827783217e+19,5.410999677104755e-06,1.6251881336495796e-11
302,197.58875719735892,3.2312852493492482e+19,5.409185167962059e-06,1.624643147712954e-11
303,197.58818530233145,3.231257191822435e+19,5.409138199543558e-06,1.6246290407972344e-11
304,197.58062223888572,3.2308861584880214e+19,5.408517088173173e-06,1.6244424906421683e-11
305,197.57904879462936,3.2308089710787326e+19,5.408387876123706e-06,1.624403681937299e-11
306,197.56456626038968,3.230098568753364e+19,5.40719865962775e-06,1.6240465019977498e-11
307,197.51722761779908,3.2277772236516844e+19,5.4033127181138406e-06,1.6228793634996302e-11
308,197.51676056651974,3.2277543263996047e+19,5.403274388017059e-06,1.622867851094868e-11
309,197.51485699959048,3.2276610048937386e+19,5.4031181674217135e-06,1.6228209304012927e-11
310,197.49782780766716,3.2268262365000925e+19,5.401720761601691e-06,1.6224012210144665e-11
311,197.49633847534108,3.226753236501498e+19,5.4015985592954295e-06,1.622364517678689e-11
312,197.49304886061333,3.2265919991097573e+19,5.4013286472200106e-06,1.6222834498671426e-11
313,197.49297299445533,3.2265882806642876e+19,5.401322422526574e-06,1.6222815802869335e-11
314,197.49148847446895,3.2265155201192493e+19,5.401200621066578e-06,1.6222449973449156e-11
315,197.48735321378194,3.226312845003769e+19,5.400861342066437e-06,1.6221430952495672e-11
316,197.47810435748423,3.225859575881386e+19,5.400102567639331e-06,1.6219151981383798e-11
317,197.47268920501878,3.2255942091084497e+19,5.3996583425395736e-06,1.621781775590999e-11
318,197.47068835833142,3.225496162323529e+19,5.399494211807115e-06,1.6217324790959562e-11
319,197.46510335899467,3.2252224930829967e+19,5.3990360883415024e-06,1.6215948821888247e-11
320,197.46400432540605,3.225168641419152e+19,5.398945940428563e-06,1.6215678063567928e-11
321,197.4561235744191,3.2247825092224037e+19,5.398299553498797e-06,1.621373664713716e-11
322,197.43523671494972,3.2237592674014073e+19,5.3965866423646025e-06,1.6208591936334328e-11
323,197.43445757544893,3.2237211017479623e+19,5.396522752899387e-06,1.620840004498905e-11
324,197.42246752021842,3.2231338144947376e+19,5.395539631554678e-06,1.620544725024002e-11
325,197.39767137735984,3.2219194960353157e+19,5.393506857319965e-06,1.6199341833936588e-11
326,197.39474614366748,3.221776261400401e+19,5.39326708193558e-06,1.6198621671059676e-11
327,197.37525891269678,3.220822173693643e+19,5.391669935080975e-06,1.6193824657068375e-11
328,197.37074878292168,3.2206013862332375e+19,5.391300335938857e-06,1.619271456988334e-11
329,197.37016340497493,3.220572730566982e+19,5.391252366232401e-06,1.6192570493368172e-11
330,197.35730373596095,3.2199432615490028e+19,5.390198632435166e-06,1.6189405614851292e-11
331,197.3478498462165,3.2194805546236162e+19,5.389424059085934e-06,1.618707919184088e-11
332,197.3442186626167,3.2193028433909543e+19,5.389126569731167e-06,1.6186185685653292e-11
333,197.33641222986785,3.2189208163338707e+19,5.388487054822555e-06,1.618426490926669e-11
334,197.32474363950405,3.218349841412163e+19,5.3875312403897685e-06,1.618139413054403e-11
335,197.32178070249424,3.2182048678346613e+19,5.3872885540081415e-06,1.618066522451713e-11
336,197.32112817597573,3.2181729409424593e+19,5.3872351082556216e-06,1.6180504700754476e-11
337,197.29878147389888,3.217079686381508e+19,5.3854049954987564e-06,1.617500797609511e-11
338,197.28678498085924,3.21649289115874e+19,5.384422697815113e-06,1.617205765520353e-11
339,197.2737103327931,3.215853440438678e+19,5.383352254606392e-06,1.616884259014278e-11
340,197.26206368421163,3.2152839012382577e+19,5.38239884357711e-06,1.6165979030017586e-11
341,197.24960389014515,3.2146746724164846e+19,5.3813789919538925e-06,1.6162915916258495e-11
342,197.22222168784236,3.213336074242965e+19,5.379138172952376e-06,1.6156185639658535e-11
343,197.22108389347972,3.2132804604097954e+19,5.379045075160537e-06,1.6155906021407574e-11
344,197.22004291875055,3.2132295795500663e+19,5.378959900386247e-06,1.6155650199857543e-11
345,197.20835579498046,3.2126583720921903e+19,5.378003696686932e-06,1.6152778251976903e-11
346,197.2045423967534,3.2124720071363047e+19,5.377691720962904e-06,1.6151841236129682e-11
347,197.2002354974276,3.2122615329070813e+19,5.377339386213385e-06,1.6150783002368528e-11
348,197.19014015702732,3.211768218888971e+19,5.376513576461539e-06,1.6148302691354964e-11
349,197.18100278258785,3.211321759918826e+19,5.37576620225807e-06,1.6146057960696387e-11
350,197.1801554548398,3.2112803609457414e+19,5.375696900202109e-06,1.6145849812691018e-11
351,197.1710225431376,3.2108341652088156e+19,5.374949966652162e-06,1.614360640553072e-11
352,197.1567755346352,3.210138198695753e+19,5.373784915767034e-06,1.614010718729639e-11
353,197.15281413527566,3.209944702167003e+19,5.373461001759882e-06,1.6139134314939783e-11
354,197.14967982620962,3.2097916107864097e+19,5.373204726141561e-06,1.61383645937816e-11
355,197.1411398257867,3.209374509916306e+19,5.372506497521676e-06,1.6136267471372936e-11
356,197.13520728711248,3.2090847809617703e+19,5.372021490026927e-06,1.6134810756399305e-11
357,197.12230662150742,3.2084548079434764e+19,5.370966912531036e-06,1.6131643343842268e-11
358,197.11214967491796,3.2079588758660575e+19,5.370136720136839e-06,1.6129149869607915e-11
359,197.10730475096506,3.207722331318142e+19,5.3697407435636146e-06,1.612796055808249e-11
360,197.10723956712934,3.2077191489158984e+19,5.369735416208805e-06,1.612794455742764e-11
361,197.09863500418507,3.2072990758150603e+19,5.369032212062105e-06,1.6125832491075863e-11
362,197.08615139679853,3.2066896937171546e+19,5.368012103853993e-06,1.6122768606666708e-11
363,197.059013275368,3.205365223914877e+19,5.365794935805663e-06,1.611610936545903e-11
364,197.05828608422053,3.2053297385355235e+19,5.3657355331306084e-06,1.6115930950141403e-11
365,197.05135248860594,3.2049914069886968e+19,5.365169164690893e-06,1.61142298684145e-11
366,197.043620473661,3.2046141438724956e+19,5.364537624639458e-06,1.6112333044428613e-11
367,197.0374803634985,3.204314574609372e+19,5.364036144426533e-06,1.6110826853817006e-11
368,197.03036415940736,3.2039674061480817e+19,5.363454982954647e-06,1.610908134137161e-11
369,197.02904770253159,3.203903184725797e+19,5.36334747602224e-06,1.6108758445416594e-11
370,197.01438226571634,3.203187810881146e+19,5.362149937181987e-06,1.6105161649946434e-11
371,196.9966865294136,3.2023247620756013e+19,5.360705189832888e-06,1.6100822366287237e-11
372,196.99554870115637,3.2022692737124934e+19,5.360612302078463e-06,1.610054337888147e-11
373,196.9910368255109,3.2020492498094703e+19,5.360243981134632e-06,1.6099437130751715e-11
374,196.98845933424437,3.201923561664644e+19,5.360033578648834e-06,1.6098805189070672e-11
375,196.98357693499483,3.201685486574635e+19,5.359635039941675e-06,1.609760818220258e-11
376,196.97857171482568,3.201441434753095e+19,5.359226496160666e-06,1.6096381125199078e-11
377,196.97675659420244,3.2013529335200748e+19,5.359078344722443e-06,1.609593615389294e-11
378,196.9581380447359,3.200445228744456e+19,5.357558843090654e-06,1.6091372346522014e-11
379,196.95802922826147,3.200439924150635e+19,5.357549963178171e-06,1.609134567579709e-11
380,196.95423474982098,3.200254954291085e+19,5.357240322851308e-06,1.6090415674290998e-11
381,196.9308390546759,3.199114639194029e+19,5.35533143055805e-06,1.6084682336112207e-11
382,196.91552810212545,3.1983685241938887e+19,5.354082430893546e-06,1.6080930978590836e-11
383,196.9003307853714,3.1976280614865805e+19,5.352842893191139e-06,1.607720803997436e-11
384,196.90025693498202,3.1976244635344392e+19,5.352836870204044e-06,1.607718994999517e-11
385,196.89905227960884,3.197565773739145e+19,5.3527386232386046e-06,1.6076894866254778e-11
386,196.88481558825433,3.1968722285180113e+19,5.351577625606402e-06,1.6073407821923513e-11
387,196.88306244180512,3.196786830333182e+19,5.351434668683969e-06,1.6072978452291605e-11
388,196.87642041868682,3.19646330200945e+19,5.350893080902297e-06,1.6071351799013788e-11
389,196.86295305619964,3.195807383155781e+19,5.349795069968298e-06,1.6068053934576457e-11
390,196.86203266651512,3.195762559469784e+19,5.349720034928443e-06,1.60678285676135e-11
391,196.8542212656675,3.195382155109869e+19,5.349083236421752e-06,1.606591594991186e-11
392,196.84116145133402,3.1947462277381063e+19,5.34801869131298e-06,1.6062718599733053e-11
393,196.8381994780796,3.194602010790475e+19,5.347777271532955e-06,1.6061993497930912e-11
394,196.83421394732542,3.1944079642060403e+19,5.347452436730262e-06,1.606101785997446e-11
395,196.83418268302418,3.194406442048154e+19,5.347449888631525e-06,1.6061010206786366e-11
396,196.81813762404747,3.1936253237311603e+19,5.346142293266629e-06,1.605708285768739e-11
397,196.8082514995232,3.1931441029632053e+19,5.345336727666668e-06,1.6054663349773773e-11
398,196.79243721679026,3.192374421421978e+19,5.344048277512755e-06,1.605079350311716e-11
399,196.79177328483837,3.1923421105426575e+19,5.3439941889641756e-06,1.6050631048723214e-11
400,196.7823650969367,3.191884275572077e+19,5.3432277712878845e-06,1.604832912119179e-11
401,196.77261647248972,3.1914099199623713e+19,5.342433697991856e-06,1.6045944130293684e-11
402,196.7676392520611,3.1911677528993698e+19,5.342028309304608e-06,1.604472654958153e-11
403,196.75400578503826,3.190504478194673e+19,5.340917984644892e-06,1.6041391700996887e-11
404,196.74951289790263,3.19028591721838e+19,5.340552112646591e-06,1.6040292808249606e-11
405,196.74920947506828,3.1902711572717613e+19,5.340527404433553e-06,1.604021859738834e-11
406,196.74704574340652,3.190165904272513e+19,5.340351210467844e-06,1.6039689400642124e-11
407,196.73930860521006,3.1897895563014394e+19,5.339721202373222e-06,1.6037797177872613e-11
408,196.73473956193456,3.1895673239246328e+19,5.33934918443494e-06,1.6036679825858422e-11
409,196.71181477343433,3.188452447573244e+19,5.337482876709474e-06,1.6031074389986748e-11
410,196.68837889402627,3.1873129844708565e+19,5.335575410658894e-06,1.6025345335513025e-11
411,196.67905208508515,3.18685958631213e+19,5.3348164202244044e-06,1.6023065715625215e-11
412,196.6754683049968,3.1866853817534448e+19,5.3345248010566995e-06,1.6022189840483503e-11
413,196.67426516797946,3.18662689969072e+19,5.33442690183646e-06,1.6021895801192205e-11
414,196.65751817194234,3.1858129362988634e+19,5.333064323677388e-06,1.6017803311841923e-11
415,196.65521780482115,3.1857011411280945e+19,5.332877178088896e-06,1.601724122201041e-11
416,196.64638774733007,3.185272034875678e+19,5.332158852408265e-06,1.601508373828851e-11
417,196.627325045557,3.184345793530064e+19,5.330608320479939e-06,1.6010426731744183e-11
418,196.62441707080376,3.1842045131629064e+19,5.330371816548041e-06,1.600971639464084e-11
419,196.6223679545854,3.1841049618883015e+19,5.33020516729349e-06,1.6009215865335466e-11
420,196.60911529955678,3.1834611643244184e+19,5.329127447449838e-06,1.6005978944977267e-11
421,196.60127105786893,3.1830801416678486e+19,5.328489613911932e-06,1.6004063218570123e-11
422,196.60011009013314,3.1830237519278027e+19,5.328395217248702e-06,1.600377969917243e-11
423,196.5883348572025,3.1824518509063844e+19,5.327437852521085e-06,1.6000904264155345e-11
424,196.56608293796663,3.181371303890356e+19,5.325629012248143e-06,1.599547143118052e-11
425,196.55702995472993,3.180931763545009e+19,5.324893219851835e-06,1.599326148635948e-11
426,196.55674358294053,3.180917860285571e+19,5.324869945736759e-06,1.5993191582796548e-11
427,196.55638270316447,3.180900339744737e+19,5.324840616277332e-06,1.599310349206975e-11
428,196.55556021905093,3.1808604087741014e+19,5.324773771663677e-06,1.5992902724966825e-11
429,196.55286909138607,3.1807297589328798e+19,5.324555063277138e-06,1.5992245836599157e-11
430,196.55260868333912,3.180717116738479e+19,5.324533900190265e-06,1.5992182273487515e-11
431,196.52921418580067,3.1795815059286462e+19,5.322632882893707e-06,1.598647258777953e-11
432,196.51713790410412,3.1789954073777295e+19,5.321651751441688e-06,1.5983525769652523e-11
433,196.51281765779342,3.1787857502241755e+19,5.321300784480294e-06,1.59824716440288e-11
434,196.5036823106963,3.1783424514879807e+19,5.320558700521818e-06,1.5980242802566122e-11
435,196.50368024118168,3.1783423510680916e+19,5.320558532418499e-06,1.5980242297669548e-11
436,196.50093238597864,3.178209017650199e+19,5.320335331713268e-06,1.5979571916669345e-11
437,196.49687111357778,3.1780119604814684e+19,5.320005457179736e-06,1.5978581141933654e-11
438,196.4967958436084,3.1780083083810054e+19,5.3199993435481215e-06,1.597856277970459e-11
439,196.48833969987388,3.177598033926656e+19,5.319312542377068e-06,1.597649997951982e-11
440,196.48731281590258,3.177548214062941e+19,5.319229143714591e-06,1.5976249492503174e-11
441,196.46694473392753,3.1765601525010055e+19,5.3175751244827915e-06,1.597128166291759e-11
442,196.45981829634192,3.17621449532331e+19,5.316996492906032e-06,1.5969543748985932e-11
443,196.45925527503232,3.176187187887081e+19,5.3169507801423395e-06,1.5969406451174915e-11
444,196.45414593135104,3.175939383681522e+19,5.3165359548546194e-06,1.5968160527731242e-11
445,196.4539726541709,3.1759309799290946e+19,5.316521886937528e-06,1.5968118274888354e-11
446,196.44870753893008,3.175675634706522e+19,5.316094437955447e-06,1.5966834436309767e-11
447,196.4410980355674,3.175306616574235e+19,5.315476700041941e-06,1.5964979066901813e-11
448,196.43862752265514,3.1751868167347134e+19,5.315276154604117e-06,1.596437673076199e-11
449,196.43116851146192,3.1748251334698287e+19,5.314670695289651e-06,1.5962558239998738e-11
450,196.42811966972866,3.1746773047540625e+19,5.314423229394499e-06,1.5961814978752602e-11
451,196.42691138950389,3.174618720328093e+19,5.3143251588177545e-06,1.5961520424793822e-11
452,196.42666910313605,3.174606972967945e+19,5.314305493687204e-06,1.596146136077844e-11
453,196.41341567849832,3.17396441904711e+19,5.3132298557072714e-06,1.59582306932763e-11
454,196.41227308653262,3.1739090278437822e+19,5.313137130598729e-06,1.5957952194375753e-11
455,196.4096642394568,3.17378255713234e+19,5.3129254180931085e-06,1.5957316318063774e-11
456,196.40681705586474,3.1736445362666422e+19,5.312694370580435e-06,1.5956622369258906e-11
457,196.40347529981096,3.173482545472933e+19,5.3124231973069354e-06,1.5955807903148106e-11
458,196.3903956654741,3.1728485664609227e+19,5.311361913760626e-06,1.5952620349038286e-11
459,196.39022175860654,3.1728401376424227e+19,5.311347803882824e-06,1.595257797016684e-11
460,196.37483161906556,3.172094276282539e+19,5.310099228813181e-06,1.5948827887911727e-11
461,196.37255495907755,3.171983951099838e+19,5.30991454399093e-06,1.5948273188966062e-11
462,196.3682460249965,3.1717751504884625e+19,5.309565010884764e-06,1.5947223369911622e-11
463,196.36489534034246,3.1716127906793226e+19,5.309293219877874e-06,1.5946407048445e-11
464,196.36374507335225,3.1715570549513736e+19,5.309199918033658e-06,1.594612681732485e-11
465,196.35331822117706,3.171051855776899e+19,5.308354212479813e-06,1.5943586749476598e-11
466,196.35285945231365,3.17102962885754e+19,5.30831700452284e-06,1.5943474995764236e-11
467,196.33848458789785,3.170333232827382e+19,5.307151234624278e-06,1.5939973617980525e-11
468,196.33688613683353,3.170255801528816e+19,5.30702161430313e-06,1.5939584304692076e-11
469,196.33547509305745,3.170187449560076e+19,5.306907192818495e-06,1.593924064095125e-11
470,196.33377882974636,3.1701052826536882e+19,5.306769645069834e-06,1.593882751771659e-11
471,196.32767328990414,3.1698095423741686e+19,5.30627457459165e-06,1.5937340578676714e-11
472,196.317179052011,3.1693012652148806e+19,5.305423716478214e-06,1.593478503516924e-11
473,196.31363148393706,3.169129454848605e+19,5.305136105198724e-06,1.5933921197678164e-11
474,196.3105929690464,3.1689823031008068e+19,5.304889772550813e-06,1.5933181340128346e-11
475,196.29045813601493,3.1680073116185334e+19,5.303257632687622e-06,1.5928279224999164e-11
476,196.28574099743574,3.167778921957674e+19,5.302875307429806e-06,1.592713091505779e-11
477,196.28287873782557,3.1676403453081317e+19,5.302643329532627e-06,1.5926434171852724e-11
478,196.27726105761818,3.167368376382999e+19,5.302188052402181e-06,1.5925066751719522e-11
479,196.27164446089728,3.167096475475906e+19,5.301732889134222e-06,1.5923699673571116e-11
480,196.25206735818287,3.1661488644910375e+19,5.300146584339441e-06,1.59189352235939e-11
481,196.24530555229396,3.165821609649388e+19,5.29959875835102e-06,1.5917289833926895e-11
482,196.22222267930272,3.1647046250237825e+19,5.297728921365603e-06,1.591167379795961e-11
483,196.1829512290099,3.162804875850785e+19,5.294548733218643e-06,1.5902122135886738e-11
484,196.1827199424792,3.1627936896600375e+19,5.294530007488041e-06,1.5902065893349343e-11
485,196.16053119461833,3.1617206518101828e+19,5.292733737591019e-06,1.5896670815368055e-11
486,196.15810099577635,3.1616031432375456e+19,5.292537027743646e-06,1.5896079999384316e-11
487,196.15626946212382,3.1615145841346056e+19,5.292388779430933e-06,1.5895634737116656e-11
488,196.1473048978427,3.161081149522968e+19,5.291663208058668e-06,1.5893455491035175e-11
489,196.1463797695837,3.161036422040595e+19,5.291588334064085e-06,1.589323060777002e-11
490,196.1348078217867,3.1604769848922894e+19,5.290651833912751e-06,1.589041783929112e-11
491,196.12116994853548,3.1598177568636133e+19,5.289548283405801e-06,1.588710333680396e-11
492,196.0845558605065,3.1580483571420738e+19,5.286586300791646e-06,1.5878207052782786e-11
493,196.06951115546602,3.1573215034557854e+19,5.285369544647959e-06,1.5874552538341337e-11
494,196.05759320292293,3.1567457914989728e+19,5.28440580039838e-06,1.5871657942496294e-11
495,196.05756205039637,3.156744286728004e+19,5.284403281405417e-06,1.5871650376727088e-11
496,196.05281342266395,3.1565149177573986e+19,5.284019316778946e-06,1.5870497142958987e-11
497,196.05021224925733,3.1563892801766523e+19,5.2838089989376315e-06,1.5869865455506768e-11
498,196.04994987703975,3.1563766076923355e+19,5.283787785145311e-06,1.5869801740101843e-11
499,196.04278222422096,3.156030425743612e+19,5.283208275099632e-06,1.5868061187697906e-11
500,196.04277402811357,3.156030029904048e+19,5.28320761246253e-06,1.586805919747425e-11
501,196.03838765071933,3.1558181899761627e+19,5.282852991527677e-06,1.5866994097179187e-11
502,196.02607697615883,3.1552236970576687e+19,5.281857807868845e-06,1.5864005073394953e-11
503,196.02033242307616,3.1549463132656333e+19,5.281393466228312e-06,1.586261042809984e-11
504,196.01527731942127,3.1547022339527447e+19,5.28098487642667e-06,1.5861383232873845e-11
505,196.01323809790048,3.1546037762735944e+19,5.2808200578555335e-06,1.5860888202007092e-11
506,196.01045433536245,3.1544693739773395e+19,5.280595067843405e-06,1.5860212446842205e-11
507,195.99566504035596,3.1537553989231124e+19,5.279399870584235e-06,1.585662268428651e-11
508,195.99246442079374,3.1536008984694206e+19,5.2791412361715895e-06,1.585584587851407e-11
509,195.99244286043586,3.153599857723952e+19,5.279139493959275e-06,1.585584064579748e-11
510,195.9914538331552,3.1535521163849458e+19,5.279059574755948e-06,1.5855600609300254e-11
511,195.98033478700413,3.1530154220304044e+19,5.278161146137522e-06,1.5852902188275068e-11
512,195.9755352920793,3.1527837787239055e+19,5.277773374263149e-06,1.5851737519477435e-11
513,195.9694494066304,3.152490065250241e+19,5.277281696666534e-06,1.5850260770922114e-11
514,195.95338133245016,3.1517146848347144e+19,5.2759837065729525e-06,1.5846362271155775e-11
515,195.94876378676142,3.1514918842350998e+19,5.275610737427288e-06,1.5845242062200087e-11
516,195.93251009324436,3.150707712902408e+19,5.274298031301206e-06,1.5841299362982967e-11
517,195.92724346924985,3.1504536486819615e+19,5.273872726722099e-06,1.5840021965096442e-11
518,195.92576177450465,3.1503821735481524e+19,5.273753077045935e-06,1.5839662598536656e-11
519,195.9200842500129,3.150108306750624e+19,5.273294622869076e-06,1.5838285636177545e-11
520,195.91972834057137,3.1500911392725295e+19,5.273265884438169e-06,1.5838199320598766e-11
521,195.91849053490225,3.1500314335542444e+19,5.273165936813348e-06,1.5837899128945582e-11
522,195.90415379320672,3.1493399539161125e+19,5.272008396975823e-06,1.583442247006472e-11
523,195.90022014186272,3.149150246505346e+19,5.271690825968193e-06,1.583346864884131e-11
524,195.89717299218609,3.1490032974684094e+19,5.271444832659122e-06,1.5832729810492173e-11
525,195.89675627106772,3.148983201414479e+19,5.271411191779884e-06,1.5832628770460748e-11
526,195.8907716217098,3.1486946057542935e+19,5.27092808142467e-06,1.5831177753526e-11
527,195.8793778304171,3.1481452156693107e+19,5.270008400099811e-06,1.582841550021776e-11
528,195.85966043080373,3.1471946257224897e+19,5.268417108510128e-06,1.5823636072453844e-11
529,195.85033084220882,3.1467449062793236e+19,5.267664276261039e-06,1.582137494861193e-11
530,195.83032312107773,3.1457806072244597e+19,5.266050035566534e-06,1.581652659345001e-11
531,195.82456953609875,3.145503341926723e+19,5.265585892285959e-06,1.5815132543926972e-11
532,195.82429517542852,3.145490120891212e+19,5.265563760216621e-06,1.5815066070486556e-11
533,195.8217306115382,3.145366540136387e+19,5.265356885510595e-06,1.581444472445542e-11
534,195.79483308694563,3.1440706019374776e+19,5.263187479486924e-06,1.5807928935992788e-11
535,195.77437638785472,3.1430852247614665e+19,5.26153795392851e-06,1.5802974603108556e-11
536,195.77431504435006,3.1430822702205354e+19,5.261533008014501e-06,1.5802959748107192e-11
537,195.77248631296925,3.1429941922800546e+19,5.261385565169779e-06,1.5802516905054276e-11
538,195.76885466790853,3.1428192847461233e+19,5.26109276921854e-06,1.580163749545544e-11
539,195.74116680601887,3.1414859934017155e+19,5.258860833871391e-06,1.5794933900819115e-11
540,195.73153815549625,3.1410224202555724e+19,5.25808481046495e-06,1.579260312257694e-11
541,195.73130438434825,3.141011165867847e+19,5.258065970572319e-06,1.5792546537155074e-11
542,195.72551026264748,3.140732229461512e+19,5.2575990298488854e-06,1.579114408554146e-11
543,195.70710297668666,3.139846188812222e+19,5.2561157940561565e-06,1.578668920224153e-11
544,195.70685743113825,3.139834370524454e+19,5.2560960101924705e-06,1.5786629781612403e-11
545,195.69116300062026,3.139079047568266e+19,5.254831596370615e-06,1.5782832127829506e-11
546,195.69058120167617,3.139051049766767e+19,5.254784727932543e-06,1.578269135896249e-11
547,195.6897000762084,3.1390086478480785e+19,5.2547137469414e-06,1.5782478168292734e-11
548,195.68332210714567,3.1387017357183713e+19,5.254199974738772e-06,1.5780935058817708e-11
549,195.6832131794069,3.1386964942166098e+19,5.2541912004426635e-06,1.578090870531047e-11
550,195.6662599799025,3.1378807931075846e+19,5.252825713337705e-06,1.5776807478971426e-11
551,195.63725225646408,3.136485417869891e+19,5.250489849290731e-06,1.5769791735564485e-11
552,195.63573834433106,3.1364126046424023e+19,5.25036795964009e-06,1.5769425641264618e-11
553,195.6246890871207,3.1358812128939713e+19,5.24947840760671e-06,1.5766753880970433e-11
554,195.6224367970107,3.1357729009070084e+19,5.249297092882635e-06,1.5766209304079645e-11
555,195.6205118214112,3.1356803313579295e+19,5.249142131066131e-06,1.5765743877873064e-11
556,195.61724633648154,3.135523302641808e+19,5.248879264331491e-06,1.5764954360365466e-11
557,195.60006625372492,3.1346972432840507e+19,5.247496437474364e-06,1.576080105426086e-11
558,195.58717500225796,3.134077496450799e+19,5.246458978655464e-06,1.5757685057472393e-11
559,195.58710115860973,3.134073946653189e+19,5.246453036279258e-06,1.575766720960717e-11
560,195.5842475256277,3.133936769412304e+19,5.246223400998088e-06,1.5756977502424957e-11
561,195.57747220370237,3.133611088353221e+19,5.2456782095283364e-06,1.5755340025507417e-11
562,195.563083702448,3.1329195263411266e+19,5.244520531796449e-06,1.5751862952462276e-11
563,195.54634958648856,3.1321153538200416e+19,5.243174343596441e-06,1.5747819690183827e-11
564,195.54362037575672,3.1319842122740654e+19,5.2429548120940634e-06,1.5747160329596292e-11
565,195.54243889470288,3.131927441958938e+19,5.242859778346539e-06,1.5746874896722532e-11
566,195.53766642307627,3.1316981310716645e+19,5.24247591095181e-06,1.5745721954988963e-11
567,195.537485218358,3.1316894246475457e+19,5.242461336361028e-06,1.5745678180356907e-11
568,195.53635214526452,3.1316349837439255e+19,5.242370202058214e-06,1.5745404459424843e-11
569,195.52468531072805,3.1310744625897677e+19,5.2414318872765e-06,1.5742586240722443e-11
570,195.51723501417575,3.1307165556936176e+19,5.240832749619261e-06,1.574078673699102e-11
571,195.50908229135237,3.1303249359978373e+19,5.240177176592917e-06,1.5738817730214576e-11
572,195.50592271842817,3.1301731732772676e+19,5.239923125157093e-06,1.5738054689365424e-11
573,195.50351338786908,3.1300574499962933e+19,5.239729403895511e-06,1.5737472849568075e-11
574,195.5030379693494,3.130034615363275e+19,5.2396911786233036e-06,1.573735804035997e-11
575,195.4968655768097,3.1297381617753297e+19,5.239194914063798e-06,1.5735867514909247e-11
576,195.48514388678868,3.1291752327346536e+19,5.238252568469873e-06,1.573303718970423e-11
577,195.48031783942355,3.128943483537199e+19,5.237864619333593e-06,1.5731871988502298e-11
578,195.48028243879068,3.128941783623459e+19,5.237861773670806e-06,1.5731863441583668e-11
579,195.47981447326111,3.1289193123024355e+19,5.237824156584413e-06,1.5731750459055344e-11
580,195.4727527075498,3.128580225164941e+19,5.237256523282725e-06,1.5730045578328647e-11
581,195.4683734745223,3.1283699583929053e+19,5.236904535817415e-06,1.572898838763201e-11
582,195.45808700785187,3.127876095687992e+19,5.2360778075615416e-06,1.5726505317901134e-11
583,195.45490922647042,3.127723537996892e+19,5.235822425341689e-06,1.572573828005597e-11
584,195.44474347871238,3.1272355380538184e+19,5.235005511373919e-06,1.5723284687437496e-11
585,195.4372994269881,3.1268782235099754e+19,5.234407365316947e-06,1.5721488161967177e-11
586,195.41541279100804,3.1258278224584073e+19,5.232648989515956e-06,1.5716206898509782e-11
587,195.4127295475906,3.1256990622704132e+19,5.232433444416909e-06,1.5715559511043246e-11
588,195.4100533878198,3.125570645525764e+19,5.232218474243472e-06,1.5714913850359815e-11
589,195.3952505825629,3.1248603897122513e+19,5.231029503008981e-06,1.5711342787604585e-11
590,195.39306081909203,3.1247553314506854e+19,5.230853635034976e-06,1.5710814569971067e-11
591,195.3879513763383,3.124510204920736e+19,5.2304432921875465e-06,1.5709582109490257e-11
592,195.3873016742938,3.124479036254956e+19,5.230391115709262e-06,1.5709425397979587e-11
593,195.38572244320923,3.124403275427716e+19,5.230264291764177e-06,1.57090444835776e-11
594,195.37941711969464,3.1241008008541147e+19,5.229757948049229e-06,1.5707523685488178e-11
595,195.36107800329702,3.1232211605400416e+19,5.2282854264447125e-06,1.5703100982141272e-11
596,195.36034884638767,3.1231861897595945e+19,5.2282268852104015e-06,1.5702925154151977e-11
597,195.35923656727815,3.1231328447231594e+19,5.228137585393888e-06,1.5702656943080465e-11
598,195.35846994395226,3.123096077732227e+19,5.228076037295632e-06,1.570247208400653e-11
599,195.3570817517984,3.12302950124852e+19,5.227964587980448e-06,1.570213734714579e-11
600,195.35530971654075,3.1229445173594464e+19,5.227822324590862e-06,1.5701710060532583e-11
601,195.32456164551547,3.1214701360346583e+19,5.225354204020085e-06,1.5694297086029897e-11
602,195.31654246645252,3.1210856897560084e+19,5.2247106393243445e-06,1.5692364146149713e-11
603,195.31266767474955,3.1208999402511454e+19,5.224399693867931e-06,1.5691430224700568e-11
604,195.3030538104044,3.1204391032942645e+19,5.223628250853882e-06,1.5689113203619375e-11
605,195.28827078441492,3.1197305730401886e+19,5.222442168213183e-06,1.5685550816725605e-11
606,195.27373402248975,3.11903395048243e+19,5.22127601910646e-06,1.5682048299994117e-11
607,195.26963858776136,3.1188377100798464e+19,5.220947511842911e-06,1.5681061631839623e-11
608,195.25238799599498,3.118011206118393e+19,5.2195639407173175e-06,1.5676906090332406e-11
609,195.25231257700503,3.1180075929923154e+19,5.2195578923289886e-06,1.5676887924060876e-11
610,195.23108463910626,3.1169907290968404e+19,5.2178556578690795e-06,1.5671775280538385e-11
611,195.2306612852858,3.116970451786886e+19,5.217821713566491e-06,1.5671673329178078e-11
612,195.22301397928513,3.1166041851409474e+19,5.2172085816527646e-06,1.5669831793842625e-11
613,195.22245833437475,3.116577573724254e+19,5.217164034028717e-06,1.5669697995516432e-11
614,195.2176736896755,3.1163484297359307e+19,5.2167804460235375e-06,1.5668545892926465e-11
615,195.212074352637,3.1160802831429435e+19,5.216331567493263e-06,1.566719769092243e-11
616,195.19537819032294,3.1152808121151844e+19,5.214993249612958e-06,1.5663178067067478e-11
617,195.19295154503996,3.115164627179188e+19,5.214798755538917e-06,1.5662593906135934e-11
618,195.1853281849731,3.114799648414019e+19,5.2141877795430445e-06,1.5660758846077365e-11
619,195.17953497359738,3.114522309578883e+19,5.2137235131605515e-06,1.5659364426818994e-11
620,195.16507147934368,3.1138299695113155e+19,5.212564532960513e-06,1.5655883441824283e-11
621,195.16281343311724,3.1137218903769293e+19,5.212383608032636e-06,1.5655340035682328e-11
622,195.14146284151326,3.1127000891834008e+19,5.210673108514912e-06,1.5650202568144525e-11
623,195.135727369765,3.112425637842572e+19,5.210213675810097e-06,1.564882266678686e-11
624,195.13537314808175,3.1124086883070575e+19,5.21018530221599e-06,1.564873744699162e-11
625,195.13476710537824,3.1123796892585415e+19,5.210136757686178e-06,1.564859164400047e-11
626,195.1320651667649,3.1122504041104572e+19,5.20992033380172e-06,1.5647941617111084e-11
627,195.12479964081703,3.1119027734821347e+19,5.209338398660268e-06,1.5646193780957177e-11
628,195.1179052952299,3.1115729265049805e+19,5.208786233426054e-06,1.5644535358410497e-11
629,195.11102144032785,3.1112436046906876e+19,5.20823494731669e-06,1.5642879576306176e-11
630,195.10565701788727,3.1109869882369413e+19,5.20780537028825e-06,1.5641589346162446e-11
631,195.09452264294782,3.110454401135088e+19,5.206913817228187e-06,1.5638911575805402e-11
632,195.08202915938494,3.1098568765826826e+19,5.20591355860137e-06,1.563590730940753e-11
633,195.08016985785676,3.10976795850203e+19,5.205764709358449e-06,1.5635460242252228e-11
634,195.07256211659814,3.1094041482684547e+19,5.205155689489403e-06,1.563363105740027e-11
635,195.0655122209599,3.109067040133517e+19,5.204591369046362e-06,1.5631936126810114e-11
636,195.06107498249474,3.108854875134838e+19,5.204236203941626e-06,1.563086939210646e-11
637,195.05660919970506,3.1086413550450614e+19,5.2038787704086656e-06,1.5629795844202186e-11
638,195.04940178548057,3.10829677141664e+19,5.203301935957929e-06,1.5628063327919878e-11
639,195.04793997287183,3.108226885839184e+19,5.20318494720582e-06,1.5627711953417856e-11
640,195.03109107302708,3.1074214580087226e+19,5.201836657612609e-06,1.5623662379626746e-11
641,195.0005780753176,3.1059631995872068e+19,5.199395526850072e-06,1.5616330468732813e-11
642,194.98273280754626,3.1051105609945285e+19,5.1979682062413215e-06,1.5612043526107276e-11
643,194.97776455657797,3.104873208046714e+19,5.1975708764032485e-06,1.561085015006493e-11
644,194.9681915581701,3.104415902255443e+19,5.19680534457536e-06,1.5608550883169978e-11
645,194.9481669271095,3.103459463186266e+19,5.195204261530124e-06,1.5603742046870995e-11
646,194.94607133010595,3.1033593822692106e+19,5.195036725651872e-06,1.560323885460054e-11
647,194.9459863161792,3.10335532224404e+19,5.1950299291525725e-06,1.5603218441385474e-11
648,194.92954754371092,3.1025703194144092e+19,5.1937158310971e-06,1.5599271561522882e-11
649,194.92124311206388,3.1021738071487496e+19,5.193052067888094e-06,1.5597277955617872e-11
650,194.890959897119,3.1007281586361684e+19,5.190632046166423e-06,1.5590009445508964e-11
651,194.8866377571111,3.100521866604617e+19,5.190286712433488e-06,1.558897223922841e-11
652,194.8851599278773,3.100451333183319e+19,5.190168639188048e-06,1.5588617607461933e-11
653,194.86961905849589,3.0997096676768666e+19,5.188927087994789e-06,1.5584888621346595e-11
654,194.86895795408012,3.099678120048149e+19,5.188874277130945e-06,1.5584730004465482e-11
655,194.8648925500104,3.0994841253562745e+19,5.1885495291966175e-06,1.5583754627417265e-11
656,194.85618030544256,3.0990684179998052e+19,5.187853633324447e-06,1.558166451139214e-11
657,194.84588818771695,3.0985773744168554e+19,5.187031624290658e-06,1.5579195615795786e-11
658,194.84007624492494,3.0983001057902957e+19,5.186567475437618e-06,1.5577801549535908e-11
659,194.8384144733116,3.0982208311869542e+19,5.186434769416485e-06,1.5577402968379596e-11
660,194.8315086134661,3.097891402508205e+19,5.185883304415568e-06,1.5575746648976353e-11
661,194.81411690266518,3.097061873098658e+19,5.1844946686770764e-06,1.5571575895956892e-11
662,194.80926060610227,3.0968302696155443e+19,5.184106963467219e-06,1.557041142738544e-11
663,194.78647646575448,3.0957438166922895e+19,5.182288236680613e-06,1.5564948900369494e-11
664,194.78539055012408,3.0956920415703507e+19,5.182201564907603e-06,1.5564688582599356e-11
665,194.78438073700053,3.0956438954403713e+19,5.182120968082475e-06,1.5564446510872088e-11
666,194.77950667667582,3.095411515757525e+19,5.181731963510984e-06,1.556327813968146e-11
667,194.77671214451922,3.0952782866043048e+19,5.181508937345255e-06,1.556260828290884e-11
668,194.76292309090053,3.0946209502682874e+19,5.180408553539813e-06,1.5559303291576772e-11
669,194.76122205945916,3.0945398670496236e+19,5.180272819888983e-06,1.5558895616966112e-11
670,194.75612615430603,3.0942969685575324e+19,5.179866206786347e-06,1.5557674358735056e-11
671,194.7453858617114,3.0937850695571145e+19,5.179009285695548e-06,1.5555100605138037e-11
672,194.71529343593383,3.09235111857549e+19,5.176608845690151e-06,1.5547890908510598e-11
673,194.64489452618977,3.088998231732969e+19,5.170996098941138e-06,1.5531033081938788e-11
674,194.6409321842239,3.088809589464224e+19,5.170680310985756e-06,1.5530084616094283e-11
675,194.61098694788458,3.0873841816231055e+19,5.168294172233683e-06,1.5522917873132682e-11
676,194.6047732588124,3.0870884619445498e+19,5.1677991362415985e-06,1.552143103767145e-11
677,194.60143061866913,3.0869293880163787e+19,5.167532845813341e-06,1.5520631237135625e-11
678,194.59608946696878,3.08667521765029e+19,5.16710736354598e-06,1.5519353305564276e-11
679,194.59120399946877,3.086442744229368e+19,5.166718202056554e-06,1.551818446307226e-11
680,194.57285927916462,3.0855699207387214e+19,5.165257091843271e-06,1.551379603372042e-11
681,194.5722352467737,3.0855402327944724e+19,5.16520739409909e-06,1.5513646767061886e-11
682,194.57144562680267,3.0855026673993085e+19,5.165144509468775e-06,1.5513457893727796e-11
683,194.5698042790292,3.0854245828654436e+19,5.165013795628975e-06,1.5513065296067433e-11
684,194.56968416143002,3.0854188685116793e+19,5.165004229776616e-06,1.5513036565129214e-11
685,194.54917579965357,3.0844433277853225e+19,5.1633711704765075e-06,1.5508131688480797e-11
686,194.54882323135564,3.084426558632347e+19,5.1633430988435335e-06,1.5508047375622684e-11
687,194.54257825743184,3.084129539948747e+19,5.1628458883115145e-06,1.550655400895334e-11
688,194.53714676647053,3.0838712270253826e+19,5.16241347138576e-06,1.5505255249207525e-11
689,194.53134563699754,3.083595350622014e+19,5.1619516531202284e-06,1.550386818284302e-11
690,194.52842672285365,3.083456546024751e+19,5.161719293637602e-06,1.5503170293550023e-11
691,194.50262794344238,3.0822299047510847e+19,5.159665890959747e-06,1.5497002919931847e-11
692,194.4922628077168,3.0817371706041156e+19,5.158841051914643e-06,1.5494525524425898e-11
693,194.47339986770425,3.080840605595885e+19,5.1573401983005545e-06,1.5490017726182477e-11
694,194.4619172446988,3.0802949159153512e+19,5.156426711468388e-06,1.5487274077968703e-11
695,194.45433573585913,3.079934654538737e+19,5.155823632400898e-06,1.5485462736252522e-11
696,194.43889357867394,3.0792009543920476e+19,5.1545954152535565e-06,1.5481773798805623e-11
697,194.4316561438605,3.078857123696396e+19,5.15401984121546e-06,1.5480045068159584e-11
698,194.4217216763773,3.078385206050104e+19,5.153229849080493e-06,1.5477672334986346e-11
699,194.42086931838836,3.0783447186802127e+19,5.153162073052131e-06,1.547746877038902e-11
700,194.41586244358845,3.0781068971480326e+19,5.15276395880185e-06,1.547627303837275e-11
701,194.4120814273173,3.077927310784448e+19,5.1524633304699914e-06,1.5475370104300063e-11
702,194.40527127771287,3.0776038677496033e+19,5.151921885462276e-06,1.5473743879842344e-11
703,194.3988633935563,3.077299550707514e+19,5.151412457447291e-06,1.5472213818089788e-11
704,194.3864832961336,3.0767116639045267e+19,5.150428332453745e-06,1.5469258008891895e-11
705,194.3827522077499,3.0765345024689672e+19,5.150131763461653e-06,1.546836726700404e-11
706,194.3744264395606,3.076139198631013e+19,5.1494700231657345e-06,1.546637973689748e-11
707,194.35339467521922,3.075140770455792e+19,5.147798650179469e-06,1.5461359785490577e-11
708,194.34489687894447,3.074737421022147e+19,5.147123441522351e-06,1.5459331803301022e-11
709,194.34350607809608,3.0746714097677308e+19,5.1470129384033894e-06,1.5458999908330806e-11
710,194.33933403166688,3.0744733985746584e+19,5.146681466829076e-06,1.5458004336899718e-11
711,194.3363074255934,3.0743297569131758e+19,5.146441010080496e-06,1.545728212755252e-11
712,194.33019283127783,3.074039574064038e+19,5.145955242764265e-06,1.5455823130462955e-11
713,194.3206853036197,3.073588407634761e+19,5.145199988254309e-06,1.545355473138568e-11
714,194.3121773051926,3.0731847098959913e+19,5.144524196532939e-06,1.5451524997968703e-11
715,194.3107692795466,3.073117903611517e+19,5.144412362530299e-06,1.545118910570318e-11
716,194.30059948001656,3.072635408110472e+19,5.143604663021757e-06,1.54487631886173e-11
717,194.2941319493431,3.072328589155691e+19,5.143091046794348e-06,1.5447220547612226e-11
718,194.27540243528466,3.0714401782592696e+19,5.141603843197901e-06,1.5442753747055032e-11
719,194.26308297408067,3.0708559135258264e+19,5.140625781564086e-06,1.543981614909512e-11
720,194.25965006929457,3.0706931172367217e+19,5.140353259887888e-06,1.543899763307082e-11
721,194.25724842991497,3.0705792293603086e+19,5.140162611101301e-06,1.5438425021420213e-11
722,194.24967841433823,3.0702202709123772e+19,5.139561713141935e-06,1.543662023063963e-11
723,194.24913577781075,3.0701945410008637e+19,5.139518641161286e-06,1.5436490864393058e-11
724,194.23494986281167,3.0695219459131e+19,5.138392714140912e-06,1.5433109154280212e-11
725,194.1856070201102,3.0671832247032476e+19,5.134477684948463e-06,1.54213504047586e-11
726,194.18045271416833,3.066938992682045e+19,5.134068839512457e-06,1.5420122441737453e-11
727,194.1764262873137,3.0667482131886567e+19,5.133749473833988e-06,1.5419163230238807e-11
728,194.1742420935717,3.0666447253909275e+19,5.133576234823085e-06,1.541864290866866e-11
729,194.1635370607967,3.0661375511833395e+19,5.132727223055458e-06,1.5416092910641653e-11
730,194.16149592355518,3.0660408542157156e+19,5.13256535192286e-06,1.541560673237594e-11
731,194.15578229274664,3.0657701871110857e+19,5.13211225404544e-06,1.541424585760657e-11
732,194.14778838259244,3.06539152495462e+19,5.131478371994687e-06,1.5412341999450054e-11
733,194.1449504911835,3.065257104863795e+19,5.131253352194373e-06,1.5411666154816662e-11
734,194.12858058725698,3.064481801667823e+19,5.129955491366651e-06,1.540776804329899e-11
735,194.12382385635232,3.0642565402754978e+19,5.1295784028435866e-06,1.5406635461836062e-11
736,194.11942722802695,3.064048341842582e+19,5.129229877786707e-06,1.5405588670447187e-11
737,194.1139438959406,3.0637886967326953e+19,5.128795230775084e-06,1.5404283212661622e-11
738,194.11155720441286,3.0636756874072707e+19,5.128606052686566e-06,1.540371501823739e-11
739,194.1092502361926,3.0635664556044198e+19,5.128423198186806e-06,1.540316581664632e-11
740,194.1031941327423,3.0632797197093507e+19,5.127943201086258e-06,1.5401724150339637e-11
741,194.10149017160714,3.0631990461719052e+19,5.12780815324352e-06,1.5401318535546453e-11
742,194.07673691969995,3.0620272704942973e+19,5.125846595805416e-06,1.539542701815205e-11
743,194.06246725275045,3.0613519052115173e+19,5.124716031466875e-06,1.5392031379902246e-11
744,194.0544413888981,3.06097209486777e+19,5.12408022734576e-06,1.5390121748827354e-11
745,194.05364342703967,3.0609343343982825e+19,5.124017016160201e-06,1.5389931894687986e-11
746,194.02481569015404,3.0595703811089064e+19,5.1217337525875495e-06,1.538307413625941e-11
747,194.01221816364213,3.058974469966146e+19,5.1207361948153e-06,1.538007798185018e-11
748,193.99831533460352,3.0583169028500337e+19,5.119635424683004e-06,1.5376771830189417e-11
749,193.99331216671678,3.0580802892751667e+19,5.119239332558371e-06,1.5375582171606533e-11
750,193.99103257211752,3.057972485021767e+19,5.119058867782427e-06,1.537504014752613e-11
751,193.9902937134459,3.0579375442177618e+19,5.119000376728808e-06,1.5374864470254018e-11
752,193.98499575770467,3.057687010415091e+19,5.118580982083982e-06,1.5373604822793732e-11
753,193.97619233937655,3.05727073786494e+19,5.117884140075199e-06,1.5371511865057117e-11
754,193.96055838947507,3.056531574495148e+19,5.116646777469288e-06,1.5367795459320377e-11
755,193.95861173128998,3.056439546055853e+19,5.116492721472849e-06,1.5367332753734957e-11
756,193.958539029276,3.056436109097442e+19,5.116486967989939e-06,1.536731547320879e-11
757,193.94604416184438,3.055845457548236e+19,5.115498214799535e-06,1.5364345763269695e-11
758,193.9458834360885,3.0558378602909766e+19,5.1154854969587645e-06,1.5364307565367018e-11
759,193.9443103588731,3.055763504034934e+19,5.115361024271801e-06,1.5363933712944383e-11
760,193.9409708485204,3.0556056559682728e+19,5.1150967859408936e-06,1.5363140075861638e-11
761,193.92751631997876,3.0549697581283803e+19,5.114032290268598e-06,1.5359942874164776e-11
762,193.92327890561145,3.0547695045985985e+19,5.113697065013153e-06,1.535893602859139e-11
763,193.921181937024,3.054670408402492e+19,5.113531177561933e-06,1.5358437787354404e-11
764,193.90996391538076,3.054140316081375e+19,5.112643800775369e-06,1.5355772560391443e-11
765,193.90561448596696,3.0539348062225457e+19,5.112299776402878e-06,1.5354739286761388e-11
766,193.90521164698396,3.0539157726101516e+19,5.112267914055264e-06,1.535464358853122e-11
767,193.8941451876151,3.0533929278793716e+19,5.111392669765565e-06,1.5352014801396595e-11
768,193.87656285912607,3.0525623578381873e+19,5.110002292005312e-06,1.5347838816232867e-11
769,193.87520769813088,3.052498347761875e+19,5.109895138866957e-06,1.534751698289461e-11
770,193.8498695237462,3.0513016816944964e+19,5.107891914811151e-06,1.534150032024665e-11
771,193.84177236759828,3.050919336827807e+19,5.107251867887915e-06,1.5339577945959652e-11
772,193.8283563061508,3.0502859054273597e+19,5.106191501045678e-06,1.5336393145160993e-11
773,193.8267738269429,3.0502111953894765e+19,5.106066436126418e-06,1.5336017513974803e-11
774,193.82078257225098,3.0499283547853644e+19,5.105592959759399e-06,1.5334595432623558e-11
775,193.81960381180681,3.0498727088480727e+19,5.105499808225125e-06,1.533431565295775e-11
776,193.81700150682127,3.0497498638070387e+19,5.105294165107095e-06,1.533369800598837e-11
777,193.81638281503942,3.0497206581779194e+19,5.10524527476048e-06,1.5333551164340042e-11
778,193.81158967137625,3.049494401952268e+19,5.104866520882221e-06,1.533241358100008e-11
779,193.81037450977357,3.049437043071755e+19,5.104770501873753e-06,1.533212518890531e-11
780,193.79317687271737,3.0486253456857276e+19,5.103411717018018e-06,1.5328044092702208e-11
781,193.78593522861019,3.0482835962728313e+19,5.102839627056054e-06,1.532632582644265e-11
782,193.7583770920995,3.04698329958742e+19,5.100662924907553e-06,1.5319788124144865e-11
783,193.7482391920308,3.0465050483274506e+19,5.0998623302765135e-06,1.531738354648478e-11
784,193.74105234471273,3.0461660420802933e+19,5.099294832385593e-06,1.531567907246291e-11
785,193.73968428411575,3.046101513005167e+19,5.0991868104410285e-06,1.531535462967423e-11
786,193.72276798379664,3.0453036753947963e+19,5.097851226908337e-06,1.531134321840394e-11
787,193.7090055373418,3.044654688414323e+19,5.096764819959374e-06,1.5308080206415157e-11
788,193.67985218179996,3.0432802266180452e+19,5.094463965101743e-06,1.5301169612744832e-11
789,193.67543810274134,3.0430721568593727e+19,5.094115655446091e-06,1.530012346831131e-11
790,193.67218499320094,3.0429188186629743e+19,5.093858966657069e-06,1.5299352506199217e-11
791,193.66894911049292,3.0427662975788708e+19,5.093603645717483e-06,1.52985856524087e-11
792,193.64779358130008,3.0417692719820833e+19,5.0919346206534445e-06,1.5293572752961826e-11
793,193.63427862688837,3.0411324482424467e+19,5.090868575021063e-06,1.529037089597594e-11
794,193.62898532697253,3.04088305253323e+19,5.090451085549491e-06,1.5289116970683737e-11
795,193.625681873409,3.040727416053115e+19,5.090190549423811e-06,1.5288334453135948e-11
796,193.62547689726148,3.040717759132727e+19,5.090174383698256e-06,1.5288285899547127e-11
797,193.62322328076007,3.0406115871753433e+19,5.089996651392744e-06,1.5287752082413288e-11
798,193.62068810322066,3.0404921533211533e+19,5.0897967186159125e-06,1.528715158639439e-11
799,193.62045662565254,3.04048124841897e+19,5.0897784637635564e-06,1.528709675813492e-11
